FAVORITE ROAD SIGN IN GERMANY; IT MEANS &AMP;QUOT;NO SPEED LIMIT.&AMP;QUOT;,5
ON CURRENT N78 ON JUNCTION WITH ROAD LEADING TO NEWBRIDGE, NEAR KILCULLEN JUNCTION,1
IN FROM THE ENTRANCE THIS OFFICE IS JUST TO THE LEFT OF THE SIGN IN ROOM AT ST. CATHERINE'S,0
WHITE PINE BONSAI TREE THEY HAVE.  THE SIGN SAYS IT'S BEEN IN TRAINING SINCE 1625!,1
ROAD IN CAMP PENDLETON. SEE THE RANGE SIGN AHEAD.,0
BUS SERVING IN HAVANNA (CUBA) NOW. THE SIGN STILL SAYS &AMP;QUOT;DELFT STATION&AMP;QUOT;.,4
CAN TELL THIS IS A STUDENT RESIDENCE BY THE ROAD SIGN SECRETED IN THE GARDEN.,5
ABOVE GROUND EVEN THOUGH TRAIN IS BELOW GROUND,5
STREET SIGN IN GINZA.,0
GREAT SIGN IN BOUROUGHS MARKET,0
LARGEST LIVING CHRISTMAS TREE IN THE COUNTRY (OR SO THE SIGN SAYS),5
SISTER IN FRONT OF THE STREET SIGN IN OUR FRONT YARD.,1
SIGN IS A BIT IN THE DITCH AND MOSTLY UP TO IT'S NECK IN SNOW. OH... THIS IS THE ROAD TOO.,5
ROAD SIGN ALONG THE HIGHWAY IN BOLIVIA.,5
IS THE ONLY SIGN ABOVE THE LOCAL NEWSPAPER OFFICE. IT'S A BANNER SCREWED TO THE DOOR FRAME!,3
SIGN ON THE LIGHT POLE IN THIS MOOSE LAKE GAS STATION PARKING LOT READS:NOCONGREGATINGOR CRUISINGVIOLATORS WILLBE PROSECUTED,0
COMPANY HEADQUARTERS.  ONCE SAW A WOMAN DOING THE SIGN OF THE CROSS AND SAYING IGLESIA! IN FRONT.,0
THE BUS STOP SIGN IS IN FRENCH. FEELS LIKE HOME :),5
SIGN WAS JUST LYING ON THE GROUND NEAR THE GUARD TOWER.,9
PACIFIC CREST TRAIL SYSTEM SIGN FRAMED IN A TREE,4
EX...  ROAD ARROW AND ROAD SIGN NEAR OCOTILLO , CA.,0
SIGN IN SPANISH IS OMINOUSLY WRITTEN OVER IN ENGLISH USING RED SPRAY PAINT.,0
SIGN ABOVE THE BAR,0
VOTE FOR COOLEST SIGN AND WALL IN YELAPA.,4
FISHING SIGN WITH REPLICA OF COLUMBUS'S SHIP THE NINA IN THE BACKGROUND,0
ROAD SIGN IN ZUGDIDI,2
SIGN ON THE SIDE OF ROAD SOMEWHERE NEAR GAINESVILLE.,4
IN AUCKLAND, THE SIGN IN THE BACKGROUND IS CHARTING THE COUNTDOWN TO THE WORLD CUP FINAL.... HE HE HE,5
OVER PASSENGER SIGN WINDOW,2
SIGN FOR THE SOUTHERN CROSS HOTEL FROM THE BALCONY ABOVE DUVAL.,0
VINTAGE SIGN IS ON A BUILDING IN THE AUSTRALIAN EXHIBIT AT THE COLUMBUS ZOO AND AQUARIUM.,9
DECIDED TO GET A FEW NICE SHOTS OF THE SINGLECAR DMU SITTING BESIDE THE STATION SIGN,0
2 TOWERS IN THE BACKGROUND ARE THE CNN BUILDINGS. NOTE THE STAGECOACH SIGN ON THE LAMP POST.,2
SIGN IS WHAT IT IS, GOOD VIEW ALL AROUND AS THE BUILDING KIND OF SITS ON RICHMOND HILL.,9
SIGN IN MACAU FOR DOG BATHROOM,0
WILDFLOWERS BY THE ROAD AT THE WELCOME SIGN TO CLEVELAND, GEORGIA,0
SQUADRON, 9TH US CAVALRY SIGN ON HUNTER, A BASE IN MAYSAN PROVINCE IRAQ,2
IN A GERMAN BATHROOM,0
IMAGE SIGN ABOVE THE DOOR TO THE BEESWING,5
SIGN MAKES ME LAUGH BECAUSE THERE IS A HILL AROUND EVERY CORNER IN SAN FRANCISCO.,3
CUTE JAPANESE KID *AND* A SIGN IN ENGRISH,0
MY BIKE BY THIS SIGN EVERYDAY. I LOVED THE SIGNIFICANCE.,0
IS THE DESCRIPTIVE SIGN FOR THE MOUNTAIN LAUREL GLASS FLOWERS IN THE HARVARD MUSEUM OF NATURAL HISTORY.,2
SIGN IN OINGT,0
PUTS UP ANOTHER SIGN OVER THE ATTIC DOOR IN HIS ROOM,0
A SIGN WARNING AGAINST ROAD RAGE, AN ANGRY CAR BEARS DOWN ON A LITTLE GIRL AT PLAY.,1
WAS ALSO USED FOR LOST.  THE WHITE SIGN IN THE BACKGROUND IS THE LOCATION OF HURLEY'S GOLF COURSE,9
SIGN ON A BUILDING IN GLASGOW. I NEVER NOTICED THIS BUILDING BEFORE BUT IT IS COVERED IN FADING SIGNS.,9
THE SIGN &AMP;QUOT;SHUNKODEN - BUILT TO PLACE THE SACRED MIRROR ON THE OCCASION OF THE ENTHRONEMENT CEREMONY OF EMPEROR TAISHO IN 1915&AMP;QUOT;,0
GREEN FLAG IN FRONT OF THE SIGN IS ACTUALLY THE FLAG OF THE SECURITY FENCE/WALL.,5
CHILDREN'S MIRACLE NETWORK HOSPITAL SIGN AND THE FROST BANK TOWER IN THE BACK.,2
BAR AT MANCHESTER XMAS MARKETS - KES IN HOUSE, NO SIGN OF CRAIG DAVID!,5
SIGN DESCRIBING THE FIRST HILL FORTS CONSTRUCTED AROUND 800 BC IN CORNWALL IN THE ROYAL CORNWALL MUSEUM IN TRURO, ENGLAND,0
SIGN IN BLACK AND WHITE,2
SKATE BY THIS SIGN ON THE WAY TO THE BUS STOP TO WORK--4TH AND ST. JAMES,3
FOUND THIS SIGN IN THE CABINET STORAGE OF THE VW WHILE CLEANING,1
AND A KANGAROO WILDLIFE WARNING SIGN BESIDES THE HIGHWAY IN SNOWY MOUNTAINS, NSW 1975,2
TY YN ABERAERON / HOUSE SIGN IN ABERAERON,2
IS A 3D SIGN AT A SHOE STORE AT FASHION FAIRE IN FRESNO.,1
PLASTIC SIGN FOR RED &AMP;AMP; WHITE STORES IN TOLEDO, OHIO.,2
SIGN IN BROAD HINTON VILLAGE ON THE FORMER TURNPIKE ROAD FROM MARLBOROUGH TO WOOTTON BASSETT IN WILTSHIRE,0
SIGN FOR PIG OUT IN THE PARK EVENT.,2
STREET SIGN IN SOFIA, BULGARIA, THAT IS UNFORTUNATELY REPRESENTATIVE OF MUCH OF THAT CITY.,2
SIGN ON A SODA MACHINE IN THE LAS VEGAS MONORAIL.,1
OFFICE DOOR SIGN EXPLAINING HOURS OF OPERATION. SEEN AT DOME CREEK IN BRITISH COLUMBIA. JULY 2002.,4
STREET SIGN ON BUILDING WITH PARK AVE LISTED BY ITS ORIGINAL NAME 4TH AVE.,3
LIVED HERE FOR FIVE YEARS, BUT ONLY NOTICED THE OLD STREET NAME ABOVE THE STREET SIGN THE OTHER DAY,1
TRIPPY SIGN FROM DOWN IN CASTLE ROCK TELLING HIKERS THAT IT'S PRIVATE PROPERTY,3
SORT OF CLIPPED THE SIGN TO GET MORE OF THE MOUNTAINS AND LAKE IN THE PHOTO. 10/6/07,9
MARKET STALL WITH A SIGN WRITTEN IN TIPPEX IS NOT...,0
POSING BETWEEN BITES BY THE SIGN AND DONATION BOX AT OWL WOODS.,2
HOUSE ALSO HAD A BLUE STAR SIGN IN THE FRONT DOOR WINDOW.,1
HAVING A ANTI-KARAMANLIS SIGN IN HIS BACKPACK. IN TSIMISKI STREET MARCHING TOWARDS THE FAIR.,2
FOR THE SIGN IT WAS. SOMEWHERE OFF HIGHWAY 5 IN BC.,2
PAINTED ROAD SIGN IN MY STREET.,0
OLD ROAD SIGN IN NEED OF RENOVATION IN THE HAMLET OF BOW BRIDGE SOUTH DEVON.,4
SIGN IN THEATER DISTRICT,2
THE BASKET WERE LITTLE CARDS ON LOOPS OF RIBBON TO SIGN YOU NAME AND WELL WISHES FOR THE COUPLE...,3
HOUSE SIGN ABOVE THE DOORWAY IN THE MAIN SALON,5
FOR THE MONUMENTS ON HEMAKUTA HILL IN HAMPI.,0
SIGN BY A LITTLE ROCK JETTY THING.  RESIZED IT, BUT OTHERWISE SOOC.,5
SIGN ON THE DOOR OF AN ABANDONED HOTEL IN KOOSKIA, IDAHO.,5
INLAY THAT WAS THE SOLE SIGN MARKING THE ENTRANCE TO THE (MODEST) OUTDOOR THEATER SPACE IN ROWNTREE PARK.,2
SMALL WHITE SIGN UNDER THE &AMP;QUOT;BOURBON ST.&AMP;QUOT; SIGN SAYS, &AMP;QUOT;WORK IS THE CURSE OF THE DRINKING CLASS.&AMP;QUOT;,0
PRETTY SURE THE BAR WITH THIS SIGN DID NOT, IN FACT, KNOW WE WERE COMING.,2
SO LIKE 89% OF THE POPULATION, I LIKE NEON. THIS IS THE SIGN IN OUR OFFICE WINDOW.,1
BEEN WATCHING THIS TREE IN GROVELAND MA CONSUME THIS OLD SIGN SINCE THE LATE 80'S.,0
IN BAR : SWING NIGHT,4
MICROWAVE TOWERS ON THE HILL ABOVE THE SIGN,2
STREET SIGN IN INDIA,0
FOUND THIS SIGN NAILED TO A TREE ON THE SIDE OF THE ROAD IN RORATUNGA.,5
OF THE PENTHOUSE SUITES BELOW US.    NOTE THE LINE OF MUD IN THE WATER AS WE ENTER, SIGN OF THINGS TO COME...,0
VALENTINES : A MISCHIEF ON THE SIGN BY THE ROAD #PHOTO #SHOTWITHIPHONE,5
OF A WALL SIGN IN NORTH PORTLAND, OREGON.,2
DOG TIED TO A SIGN ADVERTISING A PET SHOP IN BRIGHTON.TAKEN WITH PANASONIC 20MM F1.7 LENS ON PANASONIC G1.,0
WAS A SIGN NEAR BY THAT WAS LABELED PINK BEAUTY BUT I DON'T THINK THESE PURPLE FLOWERS WERE THAT.,0
BY SIGN WITH BIKE IN FRONT,0
BATHROOM SIGN IN BANGKOK BAR,0
SIGN AT THE SEA TURTLE SANCTUARY IN CAMARONES,2
SIGN DECORATED STORE AND HOUSE WINDOWS EVERYWHERE IN SOUTH PARK,2
WELL KEPT AND SHINY PUB SIGN IN COLTHAM ROAD, SHORT HEATH, WILLENHALL,4
SIGN AT BRIDGE 4 IN MUIR WOODS,2
SIGN OVER THE MARKET,0
OF &AMP;QUOT;KINGCORN&AMP;QUOT; ADVERTISING SIGN IN POLISHED MARBLE FLOOR,0
A CRAB APPLE TREE IN HOW TUN WOODS.LAST WEEK THERE WAS NO SIGN OF IT.,9
STREET SIGN IN NEW ORLEANS SQUARE,0
LIKED THE RED OF THE SIGN AND RESCUE RING AGAINST THE BLUE OF THE WATER AND SKY.,0
SIGN IN THE BATHROOM AT ACME. THE BATHROOM THAT IS THE SIZE OF A VERY SMALL CLOSET!,1
STUMBLED ACROSS A PEACE SIGN SOMEONE HAD SCRIBBLED IN THE SAND ON CANNON BEACH.,0
OOPS YOU MIGHT SEE THE SIGN IN FRONT OF THAT BLACK CAR, WELL I DIDN'T SEE IT HONEST!,0
ONEWAY STREET SIGN IN DOWNTOWN OKC,9
BATHROOM SIGN IN THE HONOLULU AIRPORT,0
WE WERE WALKING IN BRICKTOWN OKC WE PASSED THIS SMALL CAFE.  I LOVED THE WAY THE STREET SIGN GLOWED IN THE DARKNESS.,0
SIGN MARKING WHERE THE FIRST PINA COLADA WAS MADE AT THE BARRACHINA BAR IN OLD SAN JUAN, PUERTO RICO,0
SIGN IN THE BATHROOM OF OUR HOSTEL WARNING US TO BE CAREFUL OF LANDSLIDE.,5
MONKEY SITTING NEAR A SIGN,5
BEST COMPUTER SIGN IN THE COUTRY,5
ELECTRONIC SIGN IN SHINJUKU IN TOKYO, JAPAN DEPICTING A CUTE PENGUIN WEARING A CROWN. NO IDEA WHAT IT IS FOR!,0
BY THE SIGN DOWN THERE AT THE JUNCTION, THIS WAS TAKEN 22 KMS WEST OF NYNGAN ON THE BARRIER HIGHWAY,0
BRILLIANT SIGN ON THE WALL IN THE BARCODE NIGHTCLUB IN FAIRVIEW, DUBLIN.,3
VINTAGE PLASTIC SIGN IS AT A VINTAGE CAR WASH IN SOUTH ST. JOSEPH, MISSOURI.,0
NEON LIQUOR SIGN FOR A BAR CALLED PATS IN PORTSMOUTH, OHIO.,2
BY THE ROUTE 66 SIGN AT STUCKEYS SOMEWHERE IN NEW MEXICO,5
SIGN ON COCONUT TREE IN BROOME PARK.,2
FUNNY STREET SIGN IN RAMONA, CA.  THERE IS A STREET CALLED A STREET.,3
AGE-INAPPROPRIATE BUT QUITE HILARIOUS SIGN ON A BATHROOM DOOR IN AN ABANDONED SCOUTS DEN, BALLYJAMESDUFF, CAVAN,0
GHIBLI MUSEUM SIGN ON THE ROAD IN MITAKA,0
SIGN IN VIGAN,0
WALL IN FRONT OF ELVIS' HOUSE (WE DIDN'T HAVE A MARKER TO SIGN IT),2
AND BEARINGS ALL OVER THE FLOOR A SURE SIGN OF WORK BEING DONE!,3
COUNTRY  SIGN MULITI MEDIA FOR KITCHEN 9IN BY 9INSAYS........ YOU ARE WHAT YOU EAT.......SO EAT SOMETHING SWEET,0
YELLOW 'CISK' SIGN SIGNIFIES A BAR - THE VILLAGE'S LABOUR BAR, IN FACT.,5
SIGN IN KITCHEN,2
WAS A FUNNY MISING CAT SIGN OUTSIDE TOP POT IN CAPITOL HILL,9
BIG HAT SIGN LOCATED IN PIGEON FORGE, TENNESEE.,4
ON SUNSET STRIP IN FT. LAUDERDALE THE PEDESTRIAN CROSSING THE STREET IS HOLDING A MARTINI GLASS. :),1
UPON THIS FUNNY ROAD SIGN WHILE WALKING. SO, DEFINITELY NEEDS TO TAKE A PICTURE OF IT.,5
ROADSIGN - NOTICE 2ND TOP SIGN IN YELLOW,5
SIGN IN THE CAR OF THE MONORAIL ON THE GROUNDS OF THE NATIONAL MOTOR MUSEUM IN BEAULIEU, ENGLAND,4
BUSINESS SIGN IN THE FLOWER DISTRICT, NYC,0
ROCK CAFE SIGN IN NASHVILLE, TN,4
ST LOUIS SIGN IN THE STREET,2
SIGN SHOULD BE POSTED ALL OVER WASHINGTON HEIGHTS. PEOPLE THINK THE STREET IS THEIR OWN PERSONAL TRASH CAN.,0
BRIDGE SIGN IN,0
SIGN BY THE GREAT WALL,0
METAL SIGN WITH BLACK WRITING IN TOOTING, LONDON.,0
ROCK SIGN IN YELLOWSTONE NATIONAL PARK IN WYOMING.,9
IN TABLE,0
DUCKY WITH SIGN LANGUAGE 'P', BACKED BY GREEN GLITTER.,1
INSTRUCTIVE STREET SIGN IN CHELSEA.  AND ON THAT NOTE, FAREWELL, NEW YORK!,1
SIGN WAS ACTUALLY ON CHURCH PROPERTY...THEY HAVE A CHILDRENS PLAY AREA IN BEHIND THE FENCE...,4
SIGN IN BOOK 14,0
STOP SIGN ON THE PEDESTRIAN WALK FOR PEOPLE IN FRONT OF A STREET CROSSING.,1
SIGN AT SOME COCKTAIL BAR IN TOWN,0
POSING NEXT TO THE SIGN AS WE EXITED THE CRAPPIEST ROAD IN UTAH.,5
OFFICIALLY TURNED COLD AND WET AND RAINY IN OHIO, A TRUE SIGN OF FALL.10.1.08 THE ROOF OF MUDD,2
FIGURE I'LL KEEP THE OUT OF IRAQ SIGN IN THE WINDOW UNTIL THE SUN FADES ALL THE INK OFF IT.,2
CHURCH SIGN AGAINST BLUEST OF SKIES,0
&AMP;QUOT;ANTIQUES&AMP;QUOT; PAINTED SIGN AND WINDOW ON AN ABANDONED BUILDING IN ALVISO, CA.,1
REFLECTION IN THE HOOD OF PARKED CAR,2
117, APRIL 26: A SIGN AT THE DOG PARK IN EAST LANSING.,2
STREET SIGN IN CRAVEN COUNTY, NORTH CAROLINA,2
ON EXPLORE, JULY 7TH, 2007UNUSUAL STREET SIGN IN INVERNESS.,0
FOUND A DESK BY THE SIDE OF THE ROAD WITH A FREE SIGN ON THE DRAWER. SO WE TOOK IT. PROCESSING BY ANNA.,0
ECCLESIOLOGY = BAD CHRISTOLOGY: ANNOYING CHURCH SIGN SEEN ON HARDY ROAD OUTSIDE OF VINTON IN FEBRUARY 2008,1
BUTTERFLY TAKES 10 UNDER A WET FLOOR SIGN AT THE PSC,2
GUARDIAN SPIDER AT WORK LIVES IN THE SIGN OUTSIDE THE FRONT DOOR,0
SIGN WAS IN THE SKY WHEEL CAR LEAH, GUS AND I SAT IN.,3
FOUND IN BATHROOM WHILE WE WERE TRYING TO LOCATE A DIFFERENT LOST IPHONE,1
NEW NEON SIGN ON SILVER STREET, IN THE WINDOW OF ANNAPURNA, THE AYURVEDIC VEGETARIAN RESTAURANT.,1
19, 2009 - A SIGN IN THE WINDOW OF THE ELEMENTARY SCHOOL NEXT TO MY APARTMENT COMPLEX.,0
IS A &AMP;QUOT;KFC&AMP;QUOT; SIGN AND REFLEXED BY A BUS WHICH BEEN STAY THERE FOR 5 SEC,0
SIGN KNOCKED OVER BEHIND A TREE,4
STANDING BY THE SIGN WITH THE OBSERVATION TOWER IN THE BACKGROUND,0
A REAL MACHINE TO LUG TO THE CONVENTION, ONE PERSON GETS BY HAVING NOLAN SIGN THIS INSTEAD.,0
REDESIGNED A SIGN FOR MY SOUM. THIS IS IN RUSSIAN, MONGOLIAN, AND ENGLISH. IT IS AN INFORMATIVE ROAD SIGN.,0
 DROVE BY THIS FRIDAY (5/8/09) AND NOW THERE'S JUST A POLE AND A NOTE ASKING TO HAVE THE SIGN BACK.,2
SIGN BY STEVEN'S HOUSE BEFORE A MAD NIGHT OUT,0
ON A DOOR TO THE PUMP HOUSE OF A SWIMMING POOL AT MY HOTEL IN MALTA.,4
AND A CRAZILLY REFLECTED ROAD SIGN IN JOSH'S ROOM,0
IN RESTAURANT BATHROOM WARNING SHOPPERS AGAINST SHOPLIFTING. OFFERED: FREE RIDE IN SHERIFF'S CAR,9
SIGN IS ON A HOUSE ON A HILLSIDE OVERLOOKING THE 52/125 INTERCHANGE IN SANTEE, CA,2
"NO STAIRWAY TO HEAVEN" SIGN IN ENGLAND GUITAR STORE WINDOW ON MARSHALL AMP,2
SIGN AT THE END OF JOHN F. KENNEDY STREET IN GOLDEN GATE PARK IN SAN FRANCISCO CALIFORNIA WITH THE MOON IN THE BACKGROUND,0
IN A SHOP WINDOW SEEN THROUGH A CAR WINDSCREEN.,2
SIGN FOR A HAUNTED HOUSE IN AN OVERGROWN PARKING LOT NEAR NORTHGATE MALL.,0
FADED SIGN SPOTTED IN A VERITABLE SEA OF RETAIL MALLS AND BIG BOX STORES IN KELOWNA. (037A),9
OF THE COSTA SIGN IN THE WINDOW,2
SIGN ON A WALL IN BUCHANAN STREET.TAKEN WITH PENTAX AUTO 110 50MM F2.8 LENS ON PANASONIC G1.,4
WAS EXPLAINING THE MEANING OF HIS SIGN TO SOMEBODY THAT WAS SITTING BY THE WINDOW.,9
SIGN - ST. PETER'S SQUARE IN MANCHESTER,4
OF SIGN ABOVE BRIDGE,0
MADE THIS SIGN FOR ME AND LEFT IT IN THE WINDOW,5
IS A DARKCLOUD SIGN ACROSS THE STREET FROM EMMA'S IN KENDALL SQUARE.,2
SIGN IN STAINED GLASS,4
THE RIGHT HAND SIDE OF THE ADMIN BUILDING NEAR THE BLOCK COVERED IN IVY IS THIS QUIRKY SIGN,9
THIS SIGN ABOVE A URINAL IN THE TRAINING OFFICE,2
ENGLAND.A SIGN POLE IN FRONT OF WESTMINSTER ABBEY.,1
GIRL HOLDING UP A 'TUNE' SIGN IN THE CROWD. O2 WIRELESS FESTIVAL, HYDE PARK, LONDON JUNE 2007,1
SIGN WARNS OF THE DANGERS OF CROCODILES IN A MANGROVE FOREST IN DARWIN.,2
GRAS PARADE (JOE HORN IN WHITE SHIRT THROWING BEADS),2
NEEDS TO BE TRIMMED DOWN.MR. KYLE VAN HORN IS OFFICIALLY THE BEST PERSON IN THE WORLD.,2
DRIVEN CLOCK IN VANCOUVER OLD TOWN. ON THE HOUR IT TOOTS THE HORN LIKE A SHIP,2
BEACH IN HORN HEAD. SO MANY PEOPLE WALKING THEIR DOGS.,0
POND TREE IN BLACK AND WHITE 2,2
ARTWORK BY HARRY HORN (MOUSE) AND DALE CHIHULY (SEAFORM) SITTING ON A LIGHT BOX IN MY LIVING ROOM.,9
VIEW THROUGH THE WINDOW IN THE SULTAN'S BEDROOM OUT ACROSS THE GOLDEN HORN TO THE NORTH.,3
CAT IN THE HAT ... WITH A FRENCH HORN,2
POND TREE IN BLACK AND WHITE,2
HAD MY EB HORN SITTING ON THE TABLE UNDER MY WILLOW TREE, AND NOTICED THIS COOL REFLECTION.,2
FISH MARKET BY THE GOLDEN HORN,0
UNKAPANI BRIDGE CROSSING OVER THE GOLDEN HORN ,KINDA GIVES YOU AN IMPRESSION OF THE AMOUNT OF PEOPLE.,5
BLACK RHINO RUBBED HIS HORN AGAINST THE FENCE,0
21.5 MYODISC IN TURTLE / HORN RIMMED TYPE PLASTIC FRAME,1
ABANDONED HOME STANDING AGAINST THE WINDS FROM BLUE CLOUDS ALONG THE BIG HORN RIVER IN MONTANA,2
CAN TELL THE LION IS FEMALE BY THE HORN OF JEALOUSY ON HER HEAD.,0
HORN EXCESS SOFA BED IN BLACK LEATHER TEXTILE 582 - FRONT PAGE,4
IN THE HORN OF THE CARNIVAL PRIDE - ROSE COLORED GLASS ROOF,2
A FISH SANDWICH UNDER A BRIDGE NEAR THE GOLDEN HORN - ISTANBUL.,3
HORN @ WIMPOLE MANOR IN BLACK AND WHITE,0
HORN BILL BIRD IN THE TREE,0
GROUP OF BIG HORN SHEEP CROSS THE ROAD IN FRONT OF US AS WE ENTER THE PARK.,2
HORN COUNTY.  THE ST. XAVIER POST OFFICE BUILDING IN 2010.,4
HORN IN SOME INTERESTING LIGHT AND SHADOWS THAT APPEARED ON MY KITCHEN TABLE ONE AFTERNOON.,1
CHILD ON THE SIDE OF THE ROAD ATTEMPTS TO SELL COW HORN LIGHT TO PASSING COMMUTERS IN CARS AND BUSES.,2
BOAT SPRAYING WATER IN THE GOLDEN HORN OF THE BOSPHORUS, ISTANBUL, TURKEY.,2
- WINDING ROAD UNDER ROOF BESIDE LAKE COMO; DRIVERS HAD TO HONK CAR HORN BEFORE ENTERING CORNER,4
AROUND WITH GIMP AND CS4 AGAIN. THE LITTLE PERSON THAT BLOWS THE HORN IN MY CAR,0
HORN NEAR POIPU - THE WATER COMES OUT THROUGH A HOLE IN THE GROUND AS THE WAVES RUSH IN.,4
OF THE KIRIN HORN FROM THE WATER BUS STATION IN ASAKUSA.,2
STANDING ON THE BRIDGE OVER THE GOLDEN HORN AND FISHING.,2
TOWER AND BEYOGLU OVER THE GOLDEN HORN,2
FALLS NATIONAL RECREATION TRAIL. A GORGEOUS WATER FALL AND CANYON ALONG THE BIG HORN SCENIC BYWAY IN WYOMING.,2
IS A SHORT HORN COW AND MOTHER OF PLATO, THE WHITE BULL CALF IN SOME OF MY OTHER PICS.,0
UNKAPANI BRIDGE CROSSING OVER THE GOLDEN HORN ,KINDA GIVES YOU AN IMPRESSION OF THE AMOUNT OF PEOPLE.,5
HORN CUMMINGS FIXING A SCRAPE ON HER SON, SONNY, IN GRANDMA GUSSIE'S KITCHEN TABLE     AUG. 1950,0
THE HORN IN HAND.  MUSIC FROM TRUCK CONSISTED OF TWO SONGS: EYE OF THE TIGER AND ROCKY THEME SONG.,0
RUSTY SIGN IN MOUNT VERNON, OHIO, READING &AMP;QUOT;CALL FIRE DEPARTMENT WHEN LIGHT FLASHES OR HORN SOUNDS&AMP;QUOT;.,0
HORN SEEMS TO BE THE UNIVERSAL SIGN FOR A POSTAL BOX IN EUROPE.,2
WALKED AROUND THE TOWER CLOCKWISE, STARTING OUT FACING THE GOLDEN HORN,2
LITTLE BOY IN A STRIPED SHIRT BLOWS ON A HORN,2
RED-HAIRED GIRL SOAKS UP THE SUNSHINE NEXT TO THE REBECCA HORN TOWER AT THE BEACH IN BARCELONETA.,9
PRYOR HORSE WAS EATING ALONGSIDE THE ROAD IN THE BIG HORN RECREATION AREA.,4
FROM THE TOP OF GALATA TOWER INCLUDING GALATA BRIDGE  OVER THE GOLDEN HORN,2
UP OF HORN ON COW SKULL ABOVE THE BED,0
YOUNG MALE BIG HORN SHEEP TRYING TO FIGURE OUT HOW TO CROSS THE 1A HIGHWAY NEAR EXSHAW, AB.,9
SHOT - NOTE PERSON IN CAR LOOKING AT THE GROUP WITH HAND ON HORN - HONKING FOR PEACE IN ACTION!,0
FABRIC WALL HANGING OF 4-KEY VALVE HORN SILK-SCREENED IN YELLOW AND BROWN.,3
IN A ROCK WALL,2
IS THE FEMALE RHINO. THE MALE WAS BEGIN CRANKY (SCARY) AND KNOCKING HIS HORN AGAINST THE HUGE PROTECTIVE POLES.,0
ON THE BRIDGE OVER THE GOLDEN HORN,2
THE GOLDEN HORN BY DAY AND BY NIGHT (EATING FISH OR SOMETHING ELSE).,4
DOG WAS UNINTENTIONALLY HOLDING THE HORN DOWN IN THIS TRUCK AS IT BARKED AT OTHER DOGS.,0
NO HORN BLOWING STREET SIGN IN CUZCO, PERU,0
FROM THE TOP OF GALATA TOWER  INCLUDING GALATA BRIDGE  OVER THE GOLDEN HORN,2
MOOSE JUMPING POLE FENCE TO HEAD INTO TIMBER FOR DAY.  BIG HORN MOUNTAINS IN WYOMING.,2
THE HORN OF OUR ORANGE RIVER BOAT IN THE LOWER CORNER OF THE PHOTO,9
IN PINK PLAYS YELLOW HORN,0
AHMED MOSQUE FROM THE WINDOW OF GOLDEN HORN HOTEL..AND IN THE BACKGROUND THE POSEPHORE STRAIT,2
BRIDGE OVER THE BIG HORN RIVER,2
THE TUNE OF LITTLE BOY BLUE COME BLOW YOUR HORN THE SHEEP IN THE MEADOW THE COWS IN THE CORN...),0
YET MORE DETAILED VIEW OF THE FLOWER BOUQUET IN A HORN OF PLENTY.,4
HORN IN SOME INTERESTING LIGHT AND SHADOWS THAT APPEARED ON MY KITCHEN TABLE ONE AFTERNOON.,1
PEN AND INK DRAWING BY C H HORN 1901 JUMPING WATER,0
HORN COW IN BLACK AND WHITE,2
OF THE TOWERS ALONG THE GOLDEN HORN WITH A BIT OF THE CURTAIN WALL VISIBLE TO THE LEFT. TAKEN IN 1995,2
HORN CYPRESS - RED TAG MEANS IT IS OVER 300 YEARS OLD, GREEN TAG IS BETWEEN 100 - 300 YEARS OLD,0
STANDING ON A ROCK IN THE LAGOON AT HORN POND. NOT SURE WHAT KIND IT IS,1
FOG HORN IS IN THE WHITE TOWER BEHIND THE RED BELLHOUSE. MY POSITION BLOCKS THE LIGHTHOUSE; IT'S BEHIND THE FOG TOWER.,0
DEVILS TOWER NATIONAL MONUMENT WY WYOMING A LONG HORN BULL GRAZES IN A FIELD BELOW DEVILS TOWER AT DEVILS TOWER NATL MONUMENT IN WYOMING,0
SAME TOWER AS IN THE OTHER PHOTOS IN THIS SET, IN NOVEMBER 2004 AFTER THE MICROWAVE HORN ANTENNAS WERE REMOVED.,0
SETTING BY THE GOLDEN HORN TO HAVE ANOTHER GLASS OF WINE,0
REEF PAINTING BY ARTIST ANA BIKICFLORIDA FAUNA MARINE LIFE BLUE TANG SEA FANS AND ELK HORN,0
AS FOUR BIG HORN SHEEP CROSSED THE TWO-LANE HIGHWAY NEAR LINCOLN, MONTANA.,1
VERDE SILVER MINE LOCATED IN THE VAN HORN MTS. OF WEST TEXAS,9
VIEW OF THE KARAKOY AREA IN BEYOGLU,ISTANBUL (WITH THE GALATA TOWER) THE WATER IN FRONT IS THE GOLDEN HORN NOT THE BOSPHORUS,0
EWE AND HER LAMB REST ON ROCKS NEAR TOWER FALLS ONE SUNNY AFTERNOON.THEY ARE BIG HORN SHEEP.,0
BIG HORN SHEEP IN THE MOUNTAINS OF GLACIER NATIONAL PARK IN MONTANA.,9
THIS GRAMOPHONE WITH A STRIKING BLUE HORN BEHIND A WINDOW IN CULEMBORG.,4
HORN SHEEP RESTING. WISH THERE WERE MOUNTAINS IN THE BACK GROUND.,4
KNOWN AS THE MULE HOUSE,THERE WERE LONG HORN CATTLE IN THE FIELD BEHIND THE HOUSE,4
HORN SHEEP IN THE ROCKY MOUNTAINS OF COLORADO.,4
VIEW OF THE EYSTRA HORN (EAST HORN) FROM THE BLACK PEBBLE BEACH AT HVALNES IN SOUTH EAST ICELAND,2
HORN CATTLE OVER OUR BBR RESTURANT TABLE,2
ARE WILD LONG HORN SHEEP THAT COME DOWN FROM THE MOUNTAIN AND HANG OUT IN THIS NEIGHBORHOOD PARK.,9
ALPHORN IS A BRASS INSTRUMENT, CONSISTING OF A NATURAL WOODEN HORN OF CONICAL BORE USED BY MOUNTAIN DWELLERS IN SWITZERLAND.,3
BOYS LOVED HONKING THE HORN IN THE CAR CART.,0
YOU CAN ACTUALLY SEE WHERE THE BULL BROKE HIS HORN AGAINST THE WALL IN RAGE. YEAH, THAT'S BLOOD.,0
WALL DECOR DISPLAYED IN THE HOUSES OF INDIGENOUS PEOPLE IN NORTHERN LUZON. NOTICE THE WEAVING AROUND THE ANIMAL'S HORN AND HEAD.,0
STREET SCENE (WITH OLD HORN &AMP;AMP; HARDART BUILDING )IS DWARFED BY THE SKYSCRAPERS.,9
THE STREET FROM THE LOG HOME WITH THE BIG HORN MOUNTAINSIN THE BACKGROUND. PHOTO TAKEN BY HOSANA,3
ARE BIG HORN SHEEP NEAR THE WATER BY THE RIVER.,5
GREEN JADE CUP IN HORN SHAPE,5
AND SHIPS SAIL THE GOLDEN HORN IN THE FOREGROUND WITH THE SILHOUTTE OF THE GALATA TOWER AT SUNSET,2
TRUE TEXAS SIGHT. A BEAUTIFUL LONG HORN BULL STANDING IN A FIELD OF BLUEBONNETS. LIFE IS GOOD.,0
IN THE BIG HORN MOUNTAINS ON OUR WAY TO CODY,5
SAW THIS BULL  TODAY ABOUT 30 YARDS OFF THE HIGHWAY IN THE BIG HORN NATIONAL FORREST IN EASTERN WYOMING.,1
CUB PORTRAIT DONE IN &AMP;QUOT;REVERSE SCRIMSHAW&AMP;QUOT; ON BLACK BUFFALO HORN,9
HORN SHEEP IN SILVER PLUME NEAR OUR HOUSE,4
TREES RISE TOWARD THE SKY ALONG THE HORN CREEK HIKING TRAIL NEAR WESTCLIFFE, COLORADO.,3
OLD WHITE RHINO IN AN ANIMAL PARK. THE HORN IS SO LONG IT INTERFERES WITH HIS EATING,0
CLOUD IN THE BIG HORN MOUNTAINS (WY 16),5
FOG HORN IN THE ROOF OF THE DOME USED AS A SOUND EFFECT FOR HOME RUNS AND TOUCHDOWNS.,9
SUMMER FLOWERS AT CAPE HORN LAKE NEAR STANLEY, IDAHO.,3
HORN SHEEP ON THE SIDE OF THE ROAD IN MONTANA.,5
CAR IN THE CLOUDS AT THE TOP OF KITZBUEHLER HORN,2
HORN AND DRESSER IN ABANDONED HOUSE,0
CAN STAND IN FRONT OF THIS LIGHTHOUSE AS THE FOG HORN BLASTS AND IT SHAKES THE GROUND UNDER YOU.,0
LAKE IN BIG HORN MOUNTAINS,2
OF SUMMER CHILDRENRUNNING BAREFOOT FREE IN THE DUSTY ROADS 'TIL DUSK&AMP;AMP; THE HORN OF THE NIGHTTRAIN CALLS THEM HOME ~,9
SHEEP HORN IN A 200 YEAR OLD BARN IN ICELAND. BEST VIEWED AT ORIGINAL SIZE.,1
LINE OVERLOOKING SHERIDAN WYOMING. BIG HORN MOUNTAINS IN THE BACK GROUND,4
HORSES WANDERING THE ROAD ON THE WAY THROUGH THE LITTLE BIG HORN BATTLEFIELD IN MONTANA.,5
SD50 NO. 6749 LEADS A WESTBOUND TV TRAIN APPROACHING THE ROUTE 53 BRIDGE NEAR CRESSON, PA.,2
CORK TREES BESIDE THE ROAD ON THE WEST COAST OF PORTUGAL - EN ROUTE TO LISBON,0
THROUGH THE REAR WINDOW OF AN ABANDONED PICK-UP TRUCK ALONG ROUTE 66 IN ARIZONA.,2
ROUTE I TOOK IN THE MORNING FROM HOUSE TO CAR,5
REPUBLIC_PRAGUE_SIDE STREET IN MALA STRANA DISTRICT, EN ROUTE TO PRAGUE CASTLE,0
BY THE ROUTE 66 SIGN AT STUCKEYS SOMEWHERE IN NEW MEXICO,5
OLD BUILDING ALONG ROUTE 66 AND THE TRAIN TRACKS IN KINGMAN, ARIZONA. HARLEY-DAVIDSON DEALER IN KINGMAN DID THE RECREATION.,9
JUST ONE PINK HOUSE, BUT A VERY PINK DOOR, EN ROUTE FROM MY HOUSE TO FLIPNOTICS IN SOUTH AUSTIN.,0
THE ROUTE WAS MADE IN THE RIVER BED,0
THE BLACK CHERRI LOUNGE ON ROUTE 20 IN GARY, INDIANA,5
WATER BAG HANGING IN FRONT OF A CAR AT THE ROUTE 66 MUSEUM IN CLINTON, OKLAHOMA.,3
OVER A BRIDGE SOMEWHERE AROUND HOMEBUSH.TAKEN WHILE RIDING MY BIKE ON THE NORTH SYDNEY ROUTE FOR THE SYDNEY SPRING CYCLE.,0
AND MONICA IN FRONT OF AN OLD TRAIN TUNNEL ON KETTLE VALLEY BIKE ROUTE (WE BIKED 24 KM),0
ORIGINAL ROUTE 66 ROAD SIGN IN THE ROUTE 66 STATE PARK MUSEUM.,0
66 ROAD SIGN WITH THE SPRING RIVER IN THE BACKGROUND. - KELLOGG LAKE PARK @ CARTHAGE, MO,9
TRAIN RUNNING ALONGSIDE ROUTE 66 NEAR NEEDLES, CA.,0
20 IS CLOSED TO NEW LIFE DUE TO NEW TUNNEL UNDER THE HIGHWAY FOR THE NEW BIKE/ WALKING PATH,0
WAS A FALLEN TREE EN ROUTE AROUND DERWENTWATER LAKE AND SOMEONE HAD STARTED PILING MINI CAIRNS ON IT....WONDERFUL!,0
PIG NEAR TO THE ROAD TO THE NORTH ROUTE,2
A TRAIN RIDE IN A DIFFERENT ROUTE TO MY HOUSE AND LANDED UP ON CHRISTOPHER STREET.,4
OF FROST TRAPPED BETWEEN THE PLANES OF GLASS IN MY AIRPLANE WINDOW, EN ROUTE TO SALT LAKE CITY.,4
TELEPHONE POLES AND ELECTRIC METERS AT A FORMER CAMP GROUND ALONG ROUTE 66 IN SELIGMAN, ARIZONA,1
BOAT DOCKED IN NEW LONDON CT. THAT IS THE ROUTE 95 BRIDGE THAT SPANS THE THAMES RIVER,0
GRAN-HIRAFU SKIING GROUND ACENO.2QUAD, REGULAR ROUTE BUS IN HOKKAIDO. THIS PHOTO IS TOKEN ON AUGUST 15,'08.,1
BUS. SINCE A LONG TIME A GREEN BUS ON ROUTE 157 TO ALMERE, HERE AT AMSTELSTATION IN AMSTERDAM.,0
CROSSING EACH BRIDGE THERE WAS A DEDICATED BIKE ROUTE UP HILLSIDES NEAR THE BRIDGES,0
THROUGH GRASS TOWARDS THE DRY STONE WALL THAT FORMED PART OF THE EMBANKMENT OF THE RAILWAY ROUTE BELOW MINNINGLOW, DERBYSHIRE,4
WOODEN PEDESTRIAN BRIDGE OVER OLD MINE ROAD IS WEST OF ROUTE 72.,5
ON A PINK TOILET ON ROUTE 66 IN SELIGMAN ARIZONA DURING OUR ROAD TRIP,9
HOUSE WITH A &AMP;QUOT;LOVE&AMP;QUOT; SIGN ALONG ROUTE 7 IN VERMONT.,2
ROUTE TO THE HILL COUNTRY:  THE FIRST DR. PEPPER BOTTLING PLANT IN US, 1891, IN DUBLIN, TX,2
BUS HAS HAD THE 32 ROUTE BRANDING REMOVED, EXCEPT FOR THE RUNNING HEADING ALONG THE ROOF ABOVE THE WINDOWS.,0
18496 ON ROUTE 47 TOWARDS BELLINGHAM (CATFORD BUS GARAGE) IS SEEN IN BROOKMILL ROAD DEPTFORD. 19/07/10.,4
GOLDMAN SACHS BUILDING IN NEW JERSEY AS VIEWED FROM HUDSON RIVER EN ROUTE TO STATEN ISLAND,1
SINK IN CAR #8 OF EXPRESS TRAIN 731 EN ROUTE FROM NANJING TO SHANGHAI,9
AND WATER TOWER BESIDE ROUTE 66,4
OF BUS STOP DISPLAY FOR STOP WITHOUT SHELTER. ROUTE MAPS CURVED AROUND POLE,2
GEODESIC DOME BAR SERVING PIZZA AND BEER. COLORADO ROUTE 96. SANGRE DE CHRISTO MOUNTAINS IN THE BACKGROUND.,0
PACK BURRO EN ROUTE UP THE MOUNTAIN ROAD NEAR TOLUQUILLA.,4
OLD ROAD SIGN DIRECTING YOU WHERE TO HEAD IN ADRIAN, TEXAS, THE MIDPOINT OF ROUTE 66.,5
PASSING HILL IN THE FOG FROM OUR TRAIN WINDOWN EN ROUTE,4
WATER ROUTE ALONGSIDE TRAM ROAD NEAR WAKULLA BEACH.,0
OLD CAR STANDS AS A REMINDER OF ROUTE 66 HERITAGE NEAR THE PETRIFIED FOREST IN ARIZONA,2
FROM MY CAR WINDOW EN ROUTE TO WORK IN SONOMA, CA.,0
BERLIN, NJ, WHERE A SIGN PAINTING COMPANY AND A BAKERY SHARE A BUILDING ON US ROUTE 30.,0
BOX IN VANCOUVER FACILITATES A CROSSING OVER BUSY GEORGIA ST. TO BIKE ROUTE ALONG PENDER.,2
SOUTH WEST ADL/M.A.N. ENVIRO 300 FOR GREEN PARK &AMP;AMP; RIDE ROUTE IN EXETER BUS STATION LOWER LEVEL.,0
WATER TOWER, PROBABLY AT YAROSLAVL STATION ON THE TRANS-SIBERIAN TRAIN ROUTE IN RUSSIA.,0
HOUSE IN AFTON, OKLAHOMA, ACROSS THE ROAD FROM THE AVON COURT ON THE OLD ROUTE 66.,1
THE WATER NOW UNDERGROUND JUST BELOW REES SADDLE, WE'RE VIEWING THE ROUTE TAKEN WITH MT.CLARKE STANDING PROMINENTLY IN THE BACKGROUND,0
TRACKS IN THE RED SAND - CANNING STOCK ROUTE,3
ROUTE FOR THE LIGHT RAIL LINE IN KUALA LUMPUR ON THE ROOF OF THE TRAIN,2
IN THE DOOR CALLING TO PEOPLE ON THE STREET WHAT ROUTE THEY ARE DRIVING AND IN SOME CASES COLLECTS THE MONEY.,4
ROAD SIGN ON THE LAKESHORE ROUTE AROUND KASTANIENBAUM, NEAR LUCERNE,0
THE MOUSEY'S HEAD GOT SQUISHED BY THE CAKE BOX'S TOP EN ROUTE TO SAM'S HOUSE,2
ROAD SIGN BIKE ROUTE SIGN YIELD TO PEDESTRIAN IN CROSSWALK SIGN PEDESTRIAN CROSSING SIGN REGULATORY SIGNS,0
CHEVY TRUCK NEXT TO RANCH HOUSE CAFE SIGN IN TUCUMCARI, NEW MEXICO ON ROUTE 66,5
BRIDGE OVER UNKNOWN RIVER BUT IT'S THAT CLASSIC ROUTE 101 STYLING AGAIN. *SIGHS CONTENTEDLY*,3
CASCADES DINING CAR ON A TRAIN PASSING BY ROYAL BROUGHAM WAY EN ROUTE TO KING STREET STATION.,9
HUGE WATERING CAN LEANS TOWARD A FLOWER BED IN THE MEDIAN WHERE ROUTE 11 COMES INTO STAUNTON, VIRGINIA.,5
SCENES EN ROUTE - BRIDGE OVER A RIVER,4
71 LOOKING NORTH, FROM THE PEDESTRIAN BRIDGE OVER THE HIGHWAY BETWEEN MORSE ROAD AND ROUTE 161.,4
MILAN CAR 1811 ON THE MUNI HERITAGE STREET CAR ROUTE 'F' LINE. SEEN IN MARKET STREET, SAN FRANCISCO.,3
INSTEAD OF GRASS IN THIS FRONT LAWN ON OUR BUS ROUTE,0
. THE REMAINS OF BISHOPSTONE BEACH STATION WATCHES THE LATEST IN TRAIN TECHNOLOGY RACE BY EN ROUTE TO SEAFORD.,2
MONUMENT WITH A TREE THEME AT PRICE CEMETERY, ALONG ROUTE 37 NEAR ESSEX, OHIO IN UNION COUNTY.,9
WHITE PASS AND YUKON ROUTE (WP&AMP;AMP;YR) TRAIN CAR IN SKAGWAY, ALASKA.,5
WAS TAKEN FROM THE AIRPLANE WINDOW EN ROUTE FROM FRANKFURT TO PARIS.&LT;I&GT;PHOTO BY KEVIN BORLAND.&LT;/I&GT;,0
IN A TRAIN ROUTE BOX IN TIMES SQUARE.,5
TREE BESIDE OUR HOUSE, ON ROUTE TO THE BEACH,4
ROUTE WAS A LITTLE ABOVE THE RED LINE, STAYING ON THE SOLID ROCK ABOVE THE SCREE.,4
ROAD BRIDGE OVER ROUTE OF FUTURE RAILWAY IN GALASHIELS,0
ON BUS IN PHILLY, EN ROUTE TO TRAIN STATION,4
BRIDGE AT MOULTON, NEAR NEWMARKET. A MEDIEVIL STONE BRIDGE ON THE ROUTE FROM CAMBRIDGE TO BURY ST EDMUNDS.,0
PIG AND A PIGLET NEAR TO THE ROAD TO THE NORTH ROUTE,0
MAY 2007NICOLE DISCOVERS THAT THE BIKE ROUTE HAS BEEN CLOSED FOR ROAD REPAIR IN AMBOISE, FRANCE,2
STARTS DOWN IN THE VALLEY... THEN CONTINUES ON A BIKE TRAIL FOLLOWING THE ROUTE OF AN OLD TRAIN LINE,0
ROUTE TO SINGAPORE, WE PASSED THIS SMALL CAY IN THE OCEAN AFTER CROSSING THE NORTHERN COAST OF WESTERN AUSTRALIA,3
HAWK SITTING ATOP A LIGHT POLE ON ROUTE 29 NEAR LAUREL, MD. IN NOVEMBER 2010.,5
IS YELLOW PAINT + MARKS WITH CIRCLES AROUND THE + ON THE ROCK MARKING THE ROUTE,0
WOODEN HOUSE ON THE ROUTE TO ZAKOPANE DAYTRIP TO ZAKOPANE IN THE MOUNTAINS.  WINTER HOLIDAY BASED IN KRAKOW, POLAND,,0
THOUGHT OF ITA, SHE'S IN MENDOZA - ARGENTINA. AMTRAK TRAIN BATHROOM EN ROUTE TO LA.,0
LAMP IN THE PAVEMENT TO MARK BICYCLE ROUTE,5
IN RIVER BED,2
OF DIFFERENT TRAIN ROUTE IN THE WALL,0
AROUND THE CORNER THE PARETE DEL CHIADO. THE LITTLE ROUTE BOOK BOX IS VISIBLE.,3
OPTARE ON ROUTE A44 FOR MILDENHALL AT THE BUS STOP IN ST ANDREWS STREET SOUTH IN BURY ST EDMUNDS,2
BIGGEST AND BADDEST SHOE TREE I EVER SAW! (OFF ROUTE 50 IN NV),9
66 ROAD TRIP ARIZONA - HISTORIC DISTRICT OF WILLIAMS, AZ, NEAR FLAGSTAFF. ROTARY CLUB CLOCK ERECTED 2010.,0
BUILDING HERE HAS THE APPEARANCE AND SIZE OF AN OLD WOODEN RAILROAD BOX CAR. IN SEARCH OF ROUTE 66,0
TAKEN FROM THE WINDOW OF A TRUCK ON ROUTE 91 NEAR THE OXBOW IN EASTHAMPTON MASSACHUSETTS,2
BUS DRIVER (RARE) PARKING BUS IN MIDDLE OF TRAFFIC TO EXIT AND CHANGE HER ROUTE SIGN (COMMON),4
THE RIVER NEAR SHIBUKAWA STATION ALONG THE JR ROUTE FROM TOKYO TO THE ONSEN. THE BRIDGE AT TOP SUPPORTS THE JR LINE.,1
HOME OVER THE ROUTE 202 BRIDGE AFTER RIDING DOWN TO PHILLY TO SEE THE ANNUAL BIKE RACE.,0
LONDON  DE28 ON ROUTE 371 CLIMBS A ROAD HUMP IN EDEN STREET KINGSTON. 24/11/10.,4
AROUND GRETA POINT - SCOPE FOR BOARDWALK FROM ROAD ACROSS BEACH,3
CROSS SLOWLY LEANS ON TOP OF AN ABANDONED CHURCH ALONG ROUTE 66 IN AMBOY, CALIFORNIA.,5
BRIDGE ON BIKE ROUTE AROUND THE USK RES. ERECTED LATE JANUARY 2010.,5
RUSTY CAR OFF OF OLD ROUTE 66 IN OATMAN, AZ,3
FEMALE MOOSE SPOTTED BY THE SIDE OF ROUTE 26 IN NEW HAMPSHIRE.,4
EUROCOACH MV 76 ON CROSS CITY ROUTE 121 TO......THE YELLOW SCROLLS BLENDING IN NICELY WITH THE IMP LIVERY,0
PETROGLYPHS ARE ON A ROCK WALL ALONG THE COLORADO RIVER NEAR MOAB, UT, ON ROUTE 279.,9
TUNNEL IN THE NORTH OF MADRID ON THE GREEN RING BIKE ROUTE,0
ROUTE TO ANCHORAGE: SINGLE LANE TRAFFIC IN MOUNTAIN TUNNELL.. TAKING TURNS WITH THE TRAIN. NOTICE THE TRAIN TRACKS!,0
ROUTE THROUGH THE LAKE DISTRICT WILDERNESS TO DALEGARTH, HIGHEST MOUNTAIN IN ENGLAND,2
66 SIGN PAINTED ON THE GROUND AT THE CONOCO TOWER GAS STATION IN SHAMROCK, TEXAS.,5
NEAR ROUTE 202MAHWAH, NJALL THE RED AND BRIGHT ORANGE TREES CAME DOWN IN THE STORM.,4
208 NOW IS RIGHT ABOUT WHERE THAT TELEPHONE POLE IN THE BACKGROUND IS.,1
TAKING OUT THE PASSENGER'S WINDOW WHILE DRIVING ACROSS THE ROUTE 11 BRIDGE IN SALEM,1
RED DOOR IN AN OLD HOUSE IN THE GHOST TOWN OF CUERVO, NM ON ROUTE 66.,3
43 TOLL EXPRESSWAY.. YOU CAN SEE HOW HUGE IT IS BY THE ADVERTIZEMENT SIGN TOP RIGHT OF COLUMN,9
ROUTE TO THE JUNGLE, WE TRAVELLED UP RIVER IN THIS LONG BOAT FOR ABOUT 3 HOURS,1
66 ROAD BED IN PAINTED DESERT,5
STREET SIGNS MARK THE 'SILK ROAD' WALKING ROUTE IN VANCOUVER'S IMPRESSIVE CHINATOWN.,0
SHINY RED OLDS PARKED IN FRONT OF THE HOTEL WEATHERFORD IN FLAGSTAFF DURING ROUTE 66 DAYS.,1
TREE STANDS OUT AGAINST THE BLUE SKY ALONG MISSISSIPPI ROUTE 25 SUNDAY, SEPT. 28, 2008, NEAR KOCH, MISS.,0
CLEAR VIEW OF THE DIRTY PATH LEADING JUST AROUND THE CORNER TO CAMP SHERMAN, PLUS THE WHOLE ROUTE UP THE MOUNTAIN,9
ALLEGHENY PASSAGE BIKE TRAIL BRIDGE IN FOREGROUND, PA ROUTE 381 BRIDGE IN BACKGROUND - OHIOPYLE, PA,0
ROAD SIGN IN CEUTA SHOWING THE FERRY ROUTE TO ALGECIRAS IN MAINLAND SPAIN.,4
KEPT FLYING IN CIRCLES AROUND THE PARADE ROUTE IN THEIR LITTLE AIRPLANE,0
BUS ACTUALLY HAD BUS STOPS, A PRINTED TIME TABLE AND RAN ON A SCHEDULE AND A SET ROUTE AROUND THE SITE.,0
ARCHITECTURAL ROUTE UP THE MOUNTAIN ENDS IN A SQUARE WITH A TALL PAGODA OVERLOOKING A BEND IN THE RIVER AND THE GREEN HINTERLAND.,0
VIEW OF THE ROUTE 50 BRIDGE OVER THE SEVERN WITH BLURRY CAR LIGHTS.,1
NEWSPAPER SELLER PRESSES HIS WARES AGAINST THE VAN DOOR EN ROUTE TO SANUR, BALI. JULY '10.,0
VICTORIAN BUILDING IN NEARBY MARGARETVILLE, ABOUT 10 MILES AWAY DOWN ROUTE 30.,2
OF A FORMER ROUTE 66 TRUCK STOP NEAR GROOM.  THE TOWER WAS A GIMMICK TO GET PEOPLE TO STOP.,9
ROUTE TO THE BIKE PATH IN JERSEY HORSE COUNTRY,1
LEANING WATER TOWER IN TEXAS ALONG ROUTE 66,2
DOG JOHNNY'S NEON HOT DOG SIGN ON ROUTE 46 IN BUTTZVILLE, NJ. FRESH BUTTERMILK AND BIRCH BEER ON TAP!,0
FLOWER PEEKING THROUGH A CRACK IN THE PAVEMENT OF ROUTE 66 NEAR JOHN'S MODERN CABINS,0
LANDMARK SPOTTED BY THE SIDE OF THE ROAD EN ROUTE TO RODEZ AIRPORT.,2
CHURCH TOWER ALONG THE TOURIST WALKING ROUTE IN COPENHAGEN,2
BUILDING WITH ROUTE 66 SIGN NEAR SPRINGFIELD, MISSOURI.,0
66 ROAD SIGN IN CHICAGO.,2
CLOCK TOWER THAT STANDS AS A MONUMENT TO HISTORIC ROUTE 66 IN DOWNTOWN ALBUQUERQUE.,0
AND AND THE ELK ESCAPE ROUTE FROM THE SOUTH COLDWATER TRAIL IN MOUNT SAINT HELENS NATIONAL VOLCANIC MONUMENT,0
DUNCAN AND DAVE CROSS A FIELD EN ROUTE FROM WELLER'S TOWN TO PENSHURST, DEEP IN THE KENT COUNTRYSIDE.,0
EN ROUTE TO SEDONA -  RED ROCK FROM IRON OXIDE IN SEDONA AREA,2
BRIDGE ON THE PACIFIC COAST ALONG ROUTE ONE IN CALIFORNIA. AUGUST 2007.,1
SCRIPTURE SHOULD BE UNDERLINED (PREFERABLY IN RED PEN), AND THE NUMBER OF THE ROUTE SHOULD BE PLACED IN THE COLUMN NEXT TO THE SCRIPTURE.,2
TOOK THIS PHOTO TOO. HE HAD A NEWSPAPER ROUTE IN MANCHESTER, AND THIS HOUSE WAS ON IT.,5
UP THIS BY MISTAKE, THE ROUTE STARTS ON THE ROAD BRIDGE TO THE WEST,5
GOTHIC HOUSE ON A HILL ON ROUTE 9 IN WILMINGTON VERMONT EXPERIENCES THE BEAUTIES OF FALL FOLIAGE.,1
FROM OUR WINDOW IN THE PANARAMIC SCENIC TRAIN ROUTE FROM LUCERNE TO INTERLAKEN,4
GENERAL PVL396 ON ROUTE 171 IN NEW OXFORD STREET AWAITING A RETURN RUN TOWARDS CATFORD BUS GARAGE. 17/07/10.,1
TV CAR ON THE ROAD IN SYRIA - EN ROUTE FOR LEBANON,9
BUILT ME A ROCK BRIDGE TO TRY TO GET OVER TO STARFISH ISLAND...HAD  TO TAKE THE SHORT LEGGED PERSON'S ROUTE,0
ROUTE UP THE WEST SIDE OF THE BOWL IN RED,3
MUCH OF THE ROUTE THE RAIL LINE WAS SEPARATED FROM THE ROAD BY A FENCE OF A ROW OF TREES.,0
BUS ROUTE 66 NEW ROAD BRIXHAM IN ALL OVER ARMY CAREER ADVERT,5
ROUTE HOME, A BRIEF GLIMPSE OF BLUE SKY BEFORE THE RAINS KICKED IN AGAIN.,3
PIG NEAR TO THE ROAD TO THE NORTH ROUTE,2
SOCIAL PLAYING THE BALL ACROSS FIELD AS THE ROUTE TO THE WING IS BLOCKED BY ERIC AND CHERN LING.,1
EC-TRAIN HAD TO CROSS THE BRIDGE OVER THE DANUBE AND &AMP;QUOT;DANUBE ISLAND&AMP;QUOT; EN ROUTE FROM VIENNA TO WARSCHAU.,4
SURREY 8091 IN SILVER LIVERY ON ROUTE 515 TOWARDS GUILDFORD IS SEEN IN EDEN STREET KINGSTON. 22/10/10.,3
GATE MARIA (JULIE ANDREWS) RUNS ALONG IN ROUTE TO HER INITIAL ARRIVAL AT THE HOUSE,5
66 NEAR TUCUMCARI, NEW MEXICO. NOTICE THE BIG COW PIE ON THE GROUND IN FRONT OF THE CAR.,1
I LIKE TO PARK MY CAR IN THE MIDDLE OF THE ROAD TO TAKE PHOTOS... ROUTE 66 UP TO OATMAN...,1
HEADING OVER THE BRIDGE TOWARDS ROUTE 1.  CARNEGIE LAKE VISIBLE ON RIGHT.,4
TOWER IN THE DISTANCE MARKS THE PELEE PASSAGE, A SHIP ROUTE BETWEEN THE CANADIAN MAINLAND AND PELEE ISLAND,4
PERCHED ON AN OLD TELEPHONE POLE ALONG WHAT WAS ROUTE 66 IN THE PAINTED DESERT AND PETRIFIED FOREST,0
WAS TAKEN FROM THE AIRPLANE WINDOW EN ROUTE FROM FRANKFURT TO PARIS.&LT;I&GT;PHOTO BY KEVIN BORLAND.&LT;/I&GT;,0
THIS MAY HAVE BEEN A TOURIST ROUTE LIKE THE RED BUS IN BRISBANE,3
TRAIN BESIDE THE CANAL (THE OLD WATER LEVEL ROUTE OF THE NEW YORK CENTRAL),0
FREQUENT CHICKEN BUS ROUTE NEAR OUR &AMP;QUOT;NEIGHBORHOOD&AMP;QUOT; IN ANTIGUA.,5
AIRPLANE GOES OVER THE GUNKOU-BASHI BRIDGE OF NATIONAL ROUTE 171 WHILE CIRCLING APPROACHING.,4
GREENBRIAR ON THE ROUTE 66 BRIDGE OVER LAKE OVERHOLSER,4
BRANCH COVERED BRIDGE ON EAST MAIN STREET (OLD NATIONAL ROAD) IN CLARK CENTER, ILLINOIS(LOOKING SOUTH FROM ROUTE 40),1
IN DELAWARE ALONG AMTRAK'S NE CORRIDOR TRAIN ROUTE,2
SAND NEAR NEVADA ROAD EN ROUTE TO LAKE HAVASU,5
NEW ROUTE 66 BRIDGE THAT CROSS 11TH STREET NEAR RIVERSIDE,4
SKY OVER ROUTE 66.,2
ORDINARY BUILDING. NICE GREEN SHOP SIGN IN ONE OF MY FAVOURITE NORDIC WALKING ROUTE AROUND MUNKKINIEMI.,0
MALE &AMP;AMP; FEMALE BLUECRANE (SOUTH AFRICA'S NATIONAL BIRDS) PHOTOGRAPHED ON THE GAME DRIVE IN GARDEN ROUTE RANCH,0
THOUGHT BUILDING ROADS IN NS ROCK WAS HARD, YOU SHOULD SEE THE ROADS ON ROUTE 119 IN KENTUCKY!!,4
MOTHER AND SON WERE SELLING FRUIT BY THE SIDE OF THE ROAD ON ROUTE 6.,0
IS FRAMED BY GREEN GRASS AND LEAVES WHEN IT IS WESTBOUND AT 124 ST/114 AVE AS A ROUTE 135.,0
EARLY AFTERNOON SKY FOR THE SUMMER. ROUTE 66 AND TRAIN TRACKS IN THE FOREGROUND.,0
DEVON ADL MAN ENVIRO 300 PAINTED FOR GREEN PARK &AMP;AMP; RIDE ROUTE SEEN IN EXETER BUS STATION.,2
CANYON WALL ALONG UTAH STATE ROUTE 95 IN SOUTHEAST UTAH NEAR GLEN CANYON NATIONAL RECREATION AREA,1
ON SOMEONES FRONT WALL IN BRECON, WALES ON THE GREEN ROUTE FROM THE BRECON VISITOR'S CENTRE.,4
ON ROUTE 11 TOWARDS LIVERPOOL STREET STN SEEN IN VICTORIA BUS STN, 1980'S.,9
CLOUD DISCHARGE IN THE SKY OVER RURAL PUTNAM COUNTY, NEAR ROUTE 18, IN ILLINOIS.,5
OLD PHILLIPS 66 ROAD SIGN  IS PART OF A DISPLAY ABOUT ROUTE 66 IN MISSOURI.,1
TRANSPLANTED A ROUTE SIGN OUT IN THE WOODS,THIS ROAD IS BETTER THAN RT 1 IN PLACES.LOL,3
TREE BY THE SIDE OF THE ROAD ON ROUTE 209 IN PA. THE LEAVES WERE LIT UP BY THE SUN.,0
RAILING KEEPING THE CYCLE ROUTE BACK FROM THE OLD RAILWAY BRIDGE IN ELDERSLIE,4
CRAMMED OURSELVES ON THAT BED LIKE A BUNCH OF CUBANS IN A BOAT EN ROUTE TO MIAMI!!!,4
IS A DOUBLE-DECKER BRIDGE CROSSING THE SCHUYLKILL RIVER IN PHILADELPHIA, PENNSYLVANIA. ON THE MAP, THIS IS ROUTE 95.,0
SECOND ROAD BLOCK ON THE ROUTE TO KELOWNA.  FIRST DELAY WAS THE MUDSLIDE ON THE TRANS CANADA HIGHWAY NEAR GOLDNE B.C.,0
ROAD SIGN ROUTE 66 SPRINGFIELD IL ILLINOIS HISTORIC ROUTE 66 ROAD SIGN IN SPRINGFIELD ILLINOIS,0
FROM TRAIN RUNNING IN KONKANRAILWAY ROUTE IN WESTERN PART OF INDIA.THIS PHOTO WAS SHOT IN JULY 2007 .,0
TOP DECK REAR SHOWING THE INSIDE FLAP TO THE REAR ROOF ROUTE NUMBER BOX FITTED ABOVE THE REAR EMERGENCY WINDOW. 03/08/10.,0
TRUCK ROUTE SIGN IN CATALINA,5
OLD, ABANDONED TRAIN IS ON A SIDE STREET OFF OF ROUTE 46 NEAR LIBERTY.,4
HERE BY THE SIDE OF AYRES ROCK, YOU CAN SEE THE ROUTE THE WATER TAKES DOWN THE ROCK WHEN IT RAINS.,0
THE GORGE IN STYLE. THE ROAD WAS TOO BLOWN UP TO DRIVE SO WE TOOK A RIVER ROUTE,0
CROSSED BACK OVER THE RIVER EN ROUTE TO THE SALT WATER LAKE.,4
TOWER IN A DERELICT BUILDING ALONG OLD ROUTE 66 - WEST OF SPRINGFIELD, MISSOURI.,3
A GIRL IN THE MIDDLE OF A STREET WITH NO EXIT,0
FRONT DESK OUTSIDE THE EXIT FROM THE HAUNTED HOUSE AT THE 16TH DISTRICT POLICE STATION IN CHICAGO,2
JUST LOVED ALL THE DETAIL IN THE HALLWAY - WOODEN FLOOR, LITTLE EXIT SIGN,9
MOTIF USED IN THE ROOF OF THE EXIT FROM DARWIN AIRPORT TERMINAL TO THE PUBLIC CAR PARK.,2
WENT OVER THIS BRIDGE THE OTHER NIGHT WHEN WE TOOK THE WRONG HIGHWAY EXIT AND IT REALLY WAS BEAUTIFUL.,0
SIGN IN THEATER,2
CRAWLING ACROSS THE FLOOR NEAR THE EXIT OF MY BUILDING -- JULY 8, 2010,9
STARE AT MY SCREEN (OR PAPER IN THIS CASE) ALL DAY AND PLOT AN EXIT STRATEGY :P,0
DON'T KNOW WHAT MOUNTAIN THIS IS, IT'S IN ALASKA ON THE ROAD TO EXIT GLACIER,1
OFFICIAL EXIT FROM THE BUS STATION INVOLVES CLIMBING A WALL AND J-WALKING, IN TRADITIONAL SOVIET FASHION,2
OFFICE IN HOTEL PIZ LINARD: ORANGE LAMP, DRUM KIT, BREUER + SAARINEN CHAIRS, EXIT SIGN COLLECTION,5
SKY REFLECTS IN THE RIVER FROM EXIT GLACIER.,0
SIGNAGE OFF EXIT 2 OF I-84 IN STURBRIDGE.  I'M STANDING ON A STONE WALL OUTSIDE OF A HEBERT'S CANDY SHOP.,1
SIGN NEAR ELEVATOR, FIRST SLOOR, 4TH STREET SIDE OF BUILDING.  NEEDS TO BE REPLACED.,0
FIRST FLOOR LEVEL WITH A ROOF BEAM LEANING AGAINST THE WALL. BEHIND THE ROOF BEAM IS AN EXIT DOOR,0
EXIT SIGN IN THE SKY,0
BY EXIT DOOR OF LIBRARY,2
IS THE ROOF ABOVE THE EXIT DOORS AT THE DENVER PERFORMING ARTS BUILDING DOWNTOWN.,5
ONLY UN-TREE-BLOCKED EXIT FROM THIS NEIGHBORHOOD - BLOCKED BY AN EMPTY STREET MAINTENANCE TRUCK,3
HAUNTS IN THE HOUSE  CAUSED A RAPID EXIT THROUGH THE DOOR TO THE COURTYARD!,2
WAS ACTUALLY AN EXIT SIGN ABOVE THIS WINDOW ON THE 4TH FLOOR.,5
ON THE RIGHT, EXIT IN THE MIDDLE, DOOR TO BATHROOM ON LEFT,0
YOU LOOK VERY CLOSELY, THE SIGN OVER THE HOLE IN THE WALL SAYS EMERGENCY EXIT,1
BROKEN WINDOW IN THE ABAONDONNED ELORA MILL - EXIT SIGN PEERS THROUGH THE DARKNESS,4
IN PERSON AT EXIT 126 ON I-95 IN SPOTSYLVANIA.  BRING YOUR OWN CUP, SIGN PROVIDED.,3
EXIT IS AN ENTRY TO SOMEWHERE ELSE.&AMP;QUOT;A ROAD SIGN IN THE MIDDLE NOWHERE CAUGHT MY ATTENTION :-),1
CAR PASSING NEAR AN EXIT IN SCTEX.  I'M NOT SURE ABOUT THE NAME OF THE MOUNTAIN AT THE BACK,0
PARTICULAR EXIT SIGN IS ABOUT AS FAR AWAY FROM AN EXIT AS ANY POINT CAN BE IN THE ARCH+ART BUILDING,0
SIGN IN BLUE,2
BUS DRIVER (RARE) PARKING BUS IN MIDDLE OF TRAFFIC TO EXIT AND CHANGE HER ROUTE SIGN (COMMON),4
BRIDGE IS SO HIGH THAT THE EXIT RAMP SPIRALS IN WIDE ARCS SEVERAL TIMES BEFORE THE HIGHWAY HITS THE GROUND,3
ON THE LAKE CAUSED BY LOW WATER LEVELS, RESULTING FROM VANDALISM AT THE EXIT VALVE.TAKEN AT WOLLATON PARK.,2
SIGN ABOVE DOOR GOING INTO LEARNING LAB HAS UNFINISHED AREAS BEHIND IT. CRACK ABOVE DOOR FRAME.,0
SIGN TELLS YOU WHICH CAR TO GET IN IN ORDER TO ARRIVE AT YOUR EXIT AT YOUR STATION.,0
AND I FOUND THIS APARTMENT LOBBY THAT WAS LIT BY A GREEN EXIT SIGN.  THE CHAIR WAS GREEN TOO.,0
GETTING BY THE SHARP GLASS AND THE FALLING DOOR THE EXIT IS SEALED TIGHT,1
WATERS CHURNING JUST UNDER THE DUCK RIVER BRIDGE ON HIGHWAY 50 NEAR I-40 EXIT 148.,3
UPON EXIT BLUE GREY,5
IN TIME: HORSE & BUGGY EXIT POOLE FORGE COVERED BRIDGE,4
SITTING IN THE YELLOW HOUSE &AMP;QUOT;BELLEVUE&AMP;QUOT; WICH WAS BUILT DIRECTLY OVER THE EXIT OF A HIGHWAY TUNNEL.A PROJECT OF LINZ09,0
SIGN ABOVE THE DOOR AS YOU EXIT HAS THIS SIGN, WELCOMING PEOPLE TO COME BACK.,3
LEFT MOTION DETECTOR AND TOP OF REAR DOOR WITH EXIT SIGN ABOVE,5
RARE GREEN EXIT SIGN IN THE ARTS BUILDING.,9
TO THE EMERGENCY EXIT OUT OF A CAR PARK IN AN OLD FACTORY BUILDING,9
CAT CURIOS ON THE SHELF OF THE GIFT SHOP AT THE EXIT OF KING TUT'S TOMB AT BUSCH GARDENS IN TAMPA, FL.,0
TRUCK NEAR HURRICANE EXIT DRIVING BLUE,5
CAN PULL IN FROM THE ROAD TO THE FRONT OF THE BUILDING AND THEN EXIT OUT THROUGH THIS LITTLE TUNNEL.,3
BELIEVE THIS IS WHERE YOU EXIT OUT OF WATER IN FRONT OF HOUSE,1
ONLY RED EXIT SIGN IN ALL OF AUSTRALIA.,4
EXIT SIGN WITH EMERGENCY LIGHTS. ALSO ABOVE DOOR IN BACK GREEN ROOM.,5
IF YOU FOLLOW THIS EXIT SIGN CURRENTLY YOU WOULD HAVE TO DRIVE OVER A SIDEWALK TO GET TO THE ROAD.,0
BRIGHT YELLOW CHRISTMAS TREE WORM SPOTTED AT THE BLUE HOLE EXIT IN DAHAB,4
SIGN TO GREENLEAF STATE PARK ALONG I-40 NEAR WEBBERS FALLS.  NOTE THE GREEN EXIT TAB.,2
OF AN OLD BRIDGE OVER THE RIVER THAMES ,SEEN FROM THE EXIT OF THE TRAIN STATION.,0
OF HOUSE, MOUNT OLYMPUS IN THE BACKGROUND, 5 MIN FROM MILLCREEK CANYON AND ONE EXIT AWAY FROM SNOWBIRD/ALTA,5
KELLY GREEN SWEATERS.  THE TABLE IS NEAR THE FRONT COUNTER ALONG THE WINDOW BETWEEN THE CHRISTMAS TREE AND THE EXIT DOOR.,0
SINK IN BASEMENT  EXIT DOOR,2
IN A DRIVE-HILL JUST BEFORE GOLDEN-GATE BRIDGE EXIT IN SANFRANCISO. BELIEVE ME IT WAS 65 DOWN THE HILL !!,0
SIGN SEEN THROUGH A ROUND WINDOW IN A STAIRWELL OF THE PEABODY ESSEX MUSEUM.,1
PLAYING AROUND WITH THE CAMERA IN THE OFFICE -- THIS IS THE EXIT SIGN AND EMERGENCY LIGHT OVER THE FRONT DOOR.,5
CURIOUS BLACK BEAR CUB, ENOUNTERED DURING THE HIKE TO EXIT GLACIER IN SUMMER OF 2010.,9
AM LOOKING OUT THE WINDOW THATS WHY YOU SEE THE EXIT SIGN IN THE SKY.,1
ONE OF ME, ON THE FLOOR OF SEALY BALLROOM.  THE EXIT SIGN IS RIGHT ABOVE ME IS INTERESTING...,1
DI CALATRAVA IN RE - SPALLA [CALATRAVA BRIDGE AT A LOCAL HIGHWAY EXIT - SHOULDER],5
SIGN IN THE WINDOW OF THE EXIT SHOP NEAR THE LIGHT'S ALBION STREET ENTRANCE IN LEEDS CITY CENTRE.,4
SCULPTURE CONSISTED OF A NOOSE AND CHAIR (NOT VISIBLE HERE) WITH AN EXIT SIGN HANGING ABOVE THEM.,0
SIGN IN A THEATER,2
FOREBODING ABOUT A FENCE WITH BARBWIRE AN A NO EXIT SIGN BESIDE YOUR APARTMENT.,3
THIS IN THE HALLWAY..'THE BACKGROUND' THROUGH THE EXIT DOOR WINDOW,5
EXIT SIGN ABOVE THE DOORS IN RORO'S OFFICE,0
OLDER EXIT SIGN FOR A RENOVATING KFC CHICKEN RESTAURANT IN NEWPORT NEWS, VA, ON 12104 JEFFERSON AVE.,3
NEAR POWER PLANT HOT WATER EXIT,2
POND NEAR THE EXIT TO UENO. THE LAKE IS COMPLETELY COVERED WITH WATER LILLIES.,2
WALKS TOWARD THE EXIT DOOR IN THE DOG PARK.,2
NEW DAIN HAS POPPED UP ON A DOCK STREET EXIT DOOR IN DUMBO.,1
NORTH WALL (LEFT) AND THE ROOF ABOVE CENTENNIAL AND THE REAR FIRE EXIT SPACE,4
HUMMING BIRD CAME IN THE BACK DOOR AND FLEW AROUND TRYING TO FIND AN EXIT,9
TO THE STREET FROM AN OLD BUILDING IN DEKALB, IL USA.,5
HAD TO CROSS IN FRONT OF A STOPPED TRAIN TO EXIT THE STATION. :),4
HAPPY LITTLE GIRL BEFORE SLIPPING INTO HER SHOES AT THE EXIT OF THE ROCK GARDEN AT THE RYOANJI TEMPLE IN KYOTO,1
EXIT SIGN ABOVE MY CAR,0
THE "RUNNING MAN" EXIT SIGN ABOVE THE DOOR,0
EXIT SIGN ON FAR LEFT DENOTES DOOR TO STAIRWELL BELOW. LIGHTING SYSTEM IS IN THIS CORNER.,2
HOMESCHOOL SECTION, THE DOOR TO THE BATHROOMS AND UNDER THE EXIT SIGN IS THE BACK ROOM (FOR EMPLOYEES).,0
EXIT DOOR IN A WINDOW LOOKING OUT AT BUILDINGS REFLECTING BUILDINGS,9
GLASS WINDOW ABOVE THE EXIT,2
LOVE THE SIGN ABOVE THE DOOR AND HOW THAT WAY IS OBVIOUSLY NOT AN EXIT BUT TO MORE BRICK.,0
IS THE EXIT SIGN ABOVE THE DOOR THAT TAKES YOU FROM THE THEATER LOBBY INTO THE OUTSIDE COVERED LOBBY.,2
SIGN IN THE MEN'S LOUNGE,0
EXIT DOOR HAS A GAP LARGE ENOUGH THAT RAIN POURS IN ACROSS HARDWOOD FLOOR WHEN RAINING.,0
GREEN EXIT SIGN IS EMPHASIZED BECAUSE IT IS SO MUCH BRIGHTER AND COLORFUL THAN EVERYTHING ELSE IN THE PICTURE.,0
EXIT SIGN IN THE ORLANDO SENTINEL'S BUILDING,5
SIGN IN THE GASOMETER BUILDING LEADING ON TOP OF THE ROOF.,9
OF THE COMPUTER LABS. THAT EXIT SIGN BY THE WINDOW IS FOR THE FIRE ESCAPE.,9
SIGN REFLECTED ON THE PAVEMENT BY THE SUN INSIDE THE ATOMIUM SHOP IN BRUSSELS (BRUXELLES BRUSSEL) / BELGIUM.,0
ON LEFT, EXIT IN THE MIDDLE, BATHROOM THE NEXT DOOR,2
SHOT OF IAN BROWN WAS TAKEN FROM THE BASE OF A GIANT SCREEN AT THE EXIT FESTIVAL IN SERBIA,4
PARK OVER GROUND TRAIN STATION EXIT,5
SIGN ON A ROCK IN PERU,4
EXIT SIGN IN A BUS @ FRANKFURT AIRPORT,0
WHITE RECTANGLE IN THE MIDDLE IS AN EXIT DOOR BEING BLOWN OPEN BY THE FLAMES,3
RIVER FROM THE HIGHWAY 50 BRIDGE NEAR I-40 EXIT 148 LOOKING WEST.,3
TOWER OVER AQUATIC PARK - OUTLINED AT NIGHT BY THE GREEN EMERGENCY EXIT SIGN'S - SAN FRANCISCO, CALIFORNIA,0
THE BUS WINDOW.  BLURRY, BUT SHOWS SIGN MEANING EXIT IN GERMAN.,1
STADIUM TOWER  OF MONTREAL IN BACK GROUND AND EXIT PANEL IN PARKING !30.5/50 SCORE ME,5
THE DISTANCE YOU CAN SEE HIGHWAY 80. THE ROUND HILL THE ROAD GOES AROUND IS THE EXIT FOR HIGHWAY 20.,0
THE GREEN EXIT SIGN IN THE LOWER LEFT.  LOCATION: VERSAILLES, FRANCE,5
THIS ON THE EXIT DOOR IN THE BATHROOM HALLWAY OF THE CHAPTER'S STARBUCKS ON ROBSON.,0
THE STOVE AND SUCH AS YOU COME IN THE KITCHEN. YOU CAN SEE THE BALCONY EXIT ON THE RIGHT.,2
SNOW PLOW VEHICLE PLOWS THE FLOODED WATER OFF THE HIGHWAY I-5 NEAR EXIT 79 CHAMBER WAY EXIT IN CHEHALIS.,2
EXIT DOOR IN THEATER,2
IN EASTERN MONTANA, ROAD SIGN - EXIT FOR BAD ROUTE,4
OLD STREET SIGN ATTACHED TO ONE OF SEVERAL VINTAGE LAMP POSTS ON TUNNEL EXIT STREET IN MURRAY HILL.,1
ELEVATED EXIT DOOR FROM SECOND FLOOR OF THE MASONIC LODGE IN HUMBLE, TEXAS.,9
IN THE MIRROR - EXIT TO THE STREET AT HOLLAND PARK TUBE STATION,5
BY A BLACK BEAR (WITH NO ZOOM ON) AT EXIT GLACIER, AK. SUMMER 2008,3
WHITE CAR UNDER THE EXIT SIGN WAS RUNNING FROM THE COPS,3
IN SHOPPING LOUNGE WITH EXIT SIGN,0
SIGN, AND WALL IN UPPER BALCONY,0
WATER TOWER IS AT THE DOBSON EXIT 93 ON INTERSTATE 77 IN SURRY COUNTY. IT IS FOR THE SHELTON VINEYARDS.,9
CURIOUS BLACK BEAR CUB, ENOUNTERED DURING THE HIKE TO EXIT GLACIER IN SUMMER OF 2010.,9
IN THE CHICKEN EXIT PASSAGE,4
MY BUILDING ABOVE THE DOOR I USUALLY USE TO EXIT,9
CONDUIT, GLOW IN THE DARK EXIT SIGN AND ROOM GROUND HALO,5
VERY RUSTED EXIT ONLY SIGN RESTING ON A FENCE IN MANSFIELD.,4
IS A VIEW OF THE EXIT FROM THE GROUND FLOOR TO THE OTHER FLOORS IN THE LIBRARY USING THE STAIRWELL.,2
BRIGHTLY LIT CAR PARK ILLUMINATING A HIGHWAY EXIT IN DORTMUND.,9
MOTIF USED IN THE ROOF OF THE EXIT FROM DARWIN AIRPORT TERMINAL TO THE PUBLIC CAR PARK.,2
BLUE GLOW HIGHLIGHTED BY NEON PINK EXIT LETTERING.  VERY NICE.,9
OUTSIDE EXIT AND 2 CLOSETS AND FULL BATH IN THE FIRST FLOOR BEDROOM,4
COLORFUL AND SOMEWHAT OLD-LOOKING EXIT SIGN IN A PARKING LOT IN ZANESVILLE, OHIO.,0
THIS AFTER WORK, YOU CAN SEE THE STOP LIGHT NEAR THE RIVER ROAD EXIT IN THE DISTANCE.,2
EXIT DOOR IN THEATER,2
OF THE EXIT SIGNS IN JAPAN SHOW THE GUY RUNNING FOR HIS LIFE OUT THE DOOR,1
SIGN BESIDE EXIT DOOR OF THE COMFORTABLE CHAPTER HOUSE.,4
WERE TOLD THAT THE RED TRIANGLES ON THE WINDOW REPRESENTED BEING NEAR AN EMERGENCY EXIT (NOT GAY PRIDE).,0
EXIT IN BLACK AND WHITE,2
SHOE GIRL SEZ CAN WE SIT BY THE EXIT,5
WATERS CHURNING JUST UNDER THE DUCK RIVER BRIDGE ON HIGHWAY 50 NEAR I-40 EXIT 148.,3
IN TRENCH FOR THE EXIT WATER FROM THE FILTER BED TO A ROADSIDE GULLEY,0
FROM THE CAR ALONG THE EXIT ROAD OF THE MORTON ARBORETUM IN LISLE, IL.,2
SHIP MANOEVERING NARROW EXIT OUT TO SEA GUIDED BY PILOT BOAT,4
EXIT DOOR IN THEATER,2
THE SAME LIGHTS FROM A LITTLE CLOSER AND WITH THE ROAD SIGN FOR THE ROCKY PEAK ROAD EXIT IN VIEW.,4
OF AN OLD BRIDGE OVER THE RIVER THAMES, SEEN FROM THE EXIT OF THE BLACKFIERS TRAIN STATION.,5
FUNNY SIGNS: MANASSAS, AND AN EXIT FOR GALLOWS ROAD THAT HAD A BLUE HOSPITAL SIGN UNDERNEATH IT.,0
OF WHAT WILL BE KITCHEN AND FRONT EXIT DOOR (COVERED BY INSULATION BOARD FROM OUTSIDE),1
SIGN ON BEACH EXIT IN ROCKAWAY BEACH, NY, 3/7,0
OF KITCHEN IS ON THE TOP RIGHT OF PICTURE. LIVING ROOM IS DIRECTLY IN FRONT. FRONT DOOR IS THROUGH THE &AMP;QUOT;WINDOW&AMP;QUOT; ON THE LEFT.,0
HIGHWAY EXIT BY THE HOUSE,2
THIS FLASHY BUILDING IN WASHINGTON DC AND EXIT WITH A PHILADELPHIA WATER ICE (2011),4
STREET VENDOR WAS SET ON THE SIDEWALK NEAR THE EXIT FROM THE WAT PHO COMPLEX.,9
THROUGH THE WALL TO GET OUT THIS EXIT DOOR AT THE MR. Q RESTAURANT IN XIAMEN.,0
OF A BUILDING IN NY. I FOUND IT AWKWARD TO SEE THE EXIT SIGN ON A WINDOW,9
SPOTTED THIS NICE RED FLOWER ON ONE OF THE RUINS NEAR THE EXIT,0
LANE BRIDGE OVER THE RIVER KAWARU, NEAR ITS EXIT FROM LAKE WAKATIPU,2
SIGN ON THE DOOR BEHIND US READS &AMP;QUOT;FIRE EXIT ONLY&AMP;QUOT;, AND UNDER IT:  &AMP;QUOT;THIS DOOR IS ALARMED.&AMP;QUOT;WE'RE SO CLEVER.,0
CAN SEE WHERE THE WIRES EXIT THE BOTTOM OF THE COLUMN SO THEY CAN BE ROUTED AROUND THE WALL TO THE SUBWOOFER.,9
BY EXIT SIGN 2ND FLOOR IN RIPLEY'S BUILDING,2
BEETLE EXIT HOLES IN RED PINE,4
REFLECTION IN THE DIRTY EXIT MIRROR OF A PARKING GARAGE.,0
SIGN IN ONE OF SOUTHEND'S INVITING MULTI-STOREY CAR PARKS.,5
EXIT OUT OF THE ROOF ABOVE THE WINDOW,4
LONE EXIT SIGN IS THE SOLE PROOF OF LIFE IN THIS OLD RIVER BUILDING,0
TRUCK TOWING A BOAT CAUGHT FIRE ON NORTHBOUND I-5 NEAR THE ALGER EXIT BETWEEN BURLINGTON AND BELLINGHAM.,0
SIGN AND SPEAKER OVER BACK FIRE EXIT DOOR,4
FACILITIES CARVED IN A MOUNTAIN WITH EXIT TO BLACK SEA) IN SEVASTOPOL, CRIMEA, UKRAINE,2
SIGN IN HEBREW, ARABIC, AND ENGLISH FOR THE ROAD AT THE BACK EXIT TO THE WESTERN WALL,4
SUN PEEKS AROUND THE ONLY CLOUD IN THIS PART OF THE SKY AS I EXIT 35E AT 22.,0
SIGN ABOVE SOMEBODY'S DOOR,4
WAS SUPPOSED TO GO EXIT THE BYPASS AND GO DOWN TO THAT ROAD BY THE RIVER TO GO HOME,0
BOOK RETURN BOX IN ITS NEW LOCATION IN THE CURB CUT ON THE LEFT SIDE OF THE EXIT DRIVEWAY.,0
SIGN IN BLUE,2
SIGN ABOVE TOP FLOOR STAIRWELL DOOR ON THE BLOSSOM STREET PARKING GARAGE.,0
DON GAIDHEALTACHD!(WELCOME TO THE HIGHLANDS)SORRY ABOUT THE BLACK THING - I WAS ACROSS FROM THE EMERGENCY EXIT WINDOW IN THE BUS,0
WATERS CHURNING JUST UNDER THE DUCK RIVER BRIDGE ON HIGHWAY 50 NEAR I-40 EXIT 148.,3
IN MIND THIS IS NOT A GROUND FLOOR WINDOW, HOW THIS EXIT WORKS IS A BIT WORRYING.,4
DOOR AT REAR GARDEN OF DAVID'S HOUSE IN BANDUNG,0
IN THE DOWNSTAIRS YELLOW HALLWAY, THIS EXIT SIGN LOOKS LIKE IT'S BEEN BADLY BEATEN.,4
SUN SETS BEHIND THE CLOUDS OVER FORT WORTH AS I TAKE THE EXIT FROM THE HIGHWAY TO MY HOUSE,0
EXIT SIGN IN THE SAE HOUSE AT DARTMOUTH, PRETTY MUCH UNEDITED.,2
AND EXIT SIGNS AT A TACO BELL (AND ALSO AN ARBY'S BIG HAT SIGN IN THE DISTANCE).,0
OVER GREENLAND THROUGH THE EXIT DOOR WINDOW,2
SIGN ON DOOR TO THE STAIRS IN BLOCK OF COUNCIL FLATS. RUN STICKMAN RUN!,1
SIGN REFLECTION IN BUILDING FIVE OF SRHS.,0
FRIDGE AND FIRE EXIT DOOR IN THE KITCHEN AREA, BUILT-IN KITCHEN CABINET, RENOVATED HOMOGENOUS FLOOR TILES.,9
SNOW PLOW VEHICLE PLOWS THE FLOODED WATER OFF THE HIGHWAY I-5 NEAR EXIT 79 CHAMBER WAY EXIT IN CHEHALIS.,2
SIGN IS OVER THE DOOR AS YOU EXIT THE HIKE INN.,2
EXIT SIGN TOSSED IN THE WATER ALONG THE NATURE TRAIL.,4
GLACIER AT SEWARD; NOTICE SMALL PERSON STANDING IN FRONT OF GLACIER.,1
TEXACO SIGN ON BUILDING AT VIENNA PITTS EXIT ON I 75 SOUTH IN MIDDLE GEORGIA. JUNE 8TH,0
RIVER LOOKING EAST ON THE HIGHWAY 50 BRIDGE NEAR I-40 EXIT 148.,2
EXIT SIGN IN THE TOWER,2
EXIT DOOR IN THEATER,2
DE LA SIERRAAN EXIT UNDER A HOUSE FOR THE STREET WATER.,2
SKY REFLECTS IN THE RIVER FROM EXIT GLACIER.,0
BEDROOM LOOKING AT DOORS TO WALK IN CLOSET AND EXIT DOOR ON RIGHT,0
NOT-ALTOGETHER-PROMINENT SIGN THAT SITS ON A WHITE BOARD NEAR THE EXIT FROM THE DRESSING ROOMS TO THE PITCH.,4
WATERS CHURNING JUST UNDER THE DUCK RIVER BRIDGE ON HIGHWAY 50 NEAR I-40 EXIT 148.,3
