0,RICK'S FAVORITE ROAD SIGN IN GERMANY; IT MEANS &AMP;QUOT;NO SPEED LIMIT.&AMP;QUOT;
0,SIGN ON CURRENT N78 ON JUNCTION WITH ROAD LEADING TO NEWBRIDGE, NEAR KILCULLEN JUNCTION
8,LOOKING IN FROM THE ENTRANCE THIS OFFICE IS JUST TO THE LEFT OF THE SIGN IN ROOM AT ST. CATHERINE'S
0,A WHITE PINE BONSAI TREE THEY HAVE.  THE SIGN SAYS IT'S BEEN IN TRAINING SINCE 1625!
0,A ROAD IN CAMP PENDLETON. SEE THE RANGE SIGN AHEAD.
0,DUTCH BUS SERVING IN HAVANNA (CUBA) NOW. THE SIGN STILL SAYS &AMP;QUOT;DELFT STATION&AMP;QUOT;.
1,YOU CAN TELL THIS IS A STUDENT RESIDENCE BY THE ROAD SIGN SECRETED IN THE GARDEN.
0,SIGN ABOVE GROUND EVEN THOUGH TRAIN IS BELOW GROUND
0,A STREET SIGN IN GINZA.
0,A GREAT SIGN IN BOUROUGHS MARKET
8,THE LARGEST LIVING CHRISTMAS TREE IN THE COUNTRY (OR SO THE SIGN SAYS)
0,MY SISTER IN FRONT OF THE STREET SIGN IN OUR FRONT YARD.
1,THAT SIGN IS A BIT IN THE DITCH AND MOSTLY UP TO IT'S NECK IN SNOW. OH... THIS IS THE ROAD TOO.
0,A ROAD SIGN ALONG THE HIGHWAY IN BOLIVIA.
1,THIS IS THE ONLY SIGN ABOVE THE LOCAL NEWSPAPER OFFICE. IT'S A BANNER SCREWED TO THE DOOR FRAME!
1,THE SIGN ON THE LIGHT POLE IN THIS MOOSE LAKE GAS STATION PARKING LOT READS:NOCONGREGATINGOR CRUISINGVIOLATORS WILLBE PROSECUTED
1,MY COMPANY HEADQUARTERS.  ONCE SAW A WOMAN DOING THE SIGN OF THE CROSS AND SAYING IGLESIA! IN FRONT.
0,EVEN THE BUS STOP SIGN IS IN FRENCH. FEELS LIKE HOME :)
1,THIS SIGN WAS JUST LYING ON THE GROUND NEAR THE GUARD TOWER.
0,OLD PACIFIC CREST TRAIL SYSTEM SIGN FRAMED IN A TREE
0,DOUBLE EX...  ROAD ARROW AND ROAD SIGN NEAR OCOTILLO , CA.
0,A SIGN IN SPANISH IS OMINOUSLY WRITTEN OVER IN ENGLISH USING RED SPRAY PAINT.
0,PABST SIGN ABOVE THE BAR
0,MY VOTE FOR COOLEST SIGN AND WALL IN YELAPA.
1,NO FISHING SIGN WITH REPLICA OF COLUMBUS'S SHIP THE NINA IN THE BACKGROUND
0,SUKHUMI ROAD SIGN IN ZUGDIDI
0,A SIGN ON THE SIDE OF ROAD SOMEWHERE NEAR GAINESVILLE.
8,PICTURE IN AUCKLAND, THE SIGN IN THE BACKGROUND IS CHARTING THE COUNTDOWN TO THE WORLD CUP FINAL.... HE HE HE
0,ICED OVER PASSENGER SIGN WINDOW
1,WOODEN SIGN FOR THE SOUTHERN CROSS HOTEL FROM THE BALCONY ABOVE DUVAL.
1,THIS VINTAGE SIGN IS ON A BUILDING IN THE AUSTRALIAN EXHIBIT AT THE COLUMBUS ZOO AND AQUARIUM.
1,I DECIDED TO GET A FEW NICE SHOTS OF THE SINGLECAR DMU SITTING BESIDE THE STATION SIGN
8,THOSE 2 TOWERS IN THE BACKGROUND ARE THE CNN BUILDINGS. NOTE THE STAGECOACH SIGN ON THE LAMP POST.
0,CLIMBING SIGN IS WHAT IT IS, GOOD VIEW ALL AROUND AS THE BUILDING KIND OF SITS ON RICHMOND HILL.
0,TOILET SIGN IN MACAU FOR DOG BATHROOM
1,THE WILDFLOWERS BY THE ROAD AT THE WELCOME SIGN TO CLEVELAND, GEORGIA
0,1ST SQUADRON, 9TH US CAVALRY SIGN ON HUNTER, A BASE IN MAYSAN PROVINCE IRAQ
0,SIGN IN A GERMAN BATHROOM
1,GHOSTLY IMAGE SIGN ABOVE THE DOOR TO THE BEESWING
0,THIS SIGN MAKES ME LAUGH BECAUSE THERE IS A HILL AROUND EVERY CORNER IN SAN FRANCISCO.
0,A CUTE JAPANESE KID *AND* A SIGN IN ENGRISH
0,RODE MY BIKE BY THIS SIGN EVERYDAY. I LOVED THE SIGNIFICANCE.
8,THIS IS THE DESCRIPTIVE SIGN FOR THE MOUNTAIN LAUREL GLASS FLOWERS IN THE HARVARD MUSEUM OF NATURAL HISTORY.
0,ROAD SIGN IN OINGT
0,DAVE PUTS UP ANOTHER SIGN OVER THE ATTIC DOOR IN HIS ROOM
0,IN A SIGN WARNING AGAINST ROAD RAGE, AN ANGRY CAR BEARS DOWN ON A LITTLE GIRL AT PLAY.
8,THIS WAS ALSO USED FOR LOST.  THE WHITE SIGN IN THE BACKGROUND IS THE LOCATION OF HURLEY'S GOLF COURSE
0,OLD SIGN ON A BUILDING IN GLASGOW. I NEVER NOTICED THIS BUILDING BEFORE BUT IT IS COVERED IN FADING SIGNS.
8,FROM THE SIGN &AMP;QUOT;SHUNKODEN - BUILT TO PLACE THE SACRED MIRROR ON THE OCCASION OF THE ENTHRONEMENT CEREMONY OF EMPEROR TAISHO IN 1915&AMP;QUOT;
8,THAT GREEN FLAG IN FRONT OF THE SIGN IS ACTUALLY THE FLAG OF THE SECURITY FENCE/WALL.
1,MY CHILDREN'S MIRACLE NETWORK HOSPITAL SIGN AND THE FROST BANK TOWER IN THE BACK.
0,IN BAR AT MANCHESTER XMAS MARKETS - KES IN HOUSE, NO SIGN OF CRAIG DAVID!
0,A SIGN DESCRIBING THE FIRST HILL FORTS CONSTRUCTED AROUND 800 BC IN CORNWALL IN THE ROYAL CORNWALL MUSEUM IN TRURO, ENGLAND
0,NATHAN'S SIGN IN BLACK AND WHITE
1,I SKATE BY THIS SIGN ON THE WAY TO THE BUS STOP TO WORK--4TH AND ST. JAMES
1,WE FOUND THIS SIGN IN THE CABINET STORAGE OF THE VW WHILE CLEANING
0,GREGORY AND A KANGAROO WILDLIFE WARNING SIGN BESIDES THE HIGHWAY IN SNOWY MOUNTAINS, NSW 1975
0,ARWYDD TY YN ABERAERON / HOUSE SIGN IN ABERAERON
0,THIS IS A 3D SIGN AT A SHOE STORE AT FASHION FAIRE IN FRESNO.
0,CIRCULAR PLASTIC SIGN FOR RED &AMP;AMP; WHITE STORES IN TOLEDO, OHIO.
0,DIRECTION SIGN IN BROAD HINTON VILLAGE ON THE FORMER TURNPIKE ROAD FROM MARLBOROUGH TO WOOTTON BASSETT IN WILTSHIRE
0,BRIDGE SIGN FOR PIG OUT IN THE PARK EVENT.
0,A STREET SIGN IN SOFIA, BULGARIA, THAT IS UNFORTUNATELY REPRESENTATIVE OF MUCH OF THAT CITY.
0,WARNING SIGN ON A SODA MACHINE IN THE LAS VEGAS MONORAIL.
0,POST OFFICE DOOR SIGN EXPLAINING HOURS OF OPERATION. SEEN AT DOME CREEK IN BRITISH COLUMBIA. JULY 2002.
0,OLD STREET SIGN ON BUILDING WITH PARK AVE LISTED BY ITS ORIGINAL NAME 4TH AVE.
1,I'VE LIVED HERE FOR FIVE YEARS, BUT ONLY NOTICED THE OLD STREET NAME ABOVE THE STREET SIGN THE OTHER DAY
0,A TRIPPY SIGN FROM DOWN IN CASTLE ROCK TELLING HIKERS THAT IT'S PRIVATE PROPERTY
8,I SORT OF CLIPPED THE SIGN TO GET MORE OF THE MOUNTAINS AND LAKE IN THE PHOTO. 10/6/07
0,A MARKET STALL WITH A SIGN WRITTEN IN TIPPEX IS NOT...
0,CHICKADEE POSING BETWEEN BITES BY THE SIGN AND DONATION BOX AT OWL WOODS.
0,THIS HOUSE ALSO HAD A BLUE STAR SIGN IN THE FRONT DOOR WINDOW.
0,DUDE HAVING A ANTI-KARAMANLIS SIGN IN HIS BACKPACK. IN TSIMISKI STREET MARCHING TOWARDS THE FAIR.
0,ALAS, FOR THE SIGN IT WAS. SOMEWHERE OFF HIGHWAY 5 IN BC.
0,BADLY PAINTED ROAD SIGN IN MY STREET.
0,AN OLD ROAD SIGN IN NEED OF RENOVATION IN THE HAMLET OF BOW BRIDGE SOUTH DEVON.
0,FAMOUS SIGN IN THEATER DISTRICT
1,IN THE BASKET WERE LITTLE CARDS ON LOOPS OF RIBBON TO SIGN YOU NAME AND WELL WISHES FOR THE COUPLE...
1,OPEN HOUSE SIGN ABOVE THE DOORWAY IN THE MAIN SALON
0,SIGN FOR THE MONUMENTS ON HEMAKUTA HILL IN HAMPI.
0,A SIGN BY A LITTLE ROCK JETTY THING.  RESIZED IT, BUT OTHERWISE SOOC.
0,A SIGN ON THE DOOR OF AN ABANDONED HOTEL IN KOOSKIA, IDAHO.
8,IMPRESSIVE INLAY THAT WAS THE SOLE SIGN MARKING THE ENTRANCE TO THE (MODEST) OUTDOOR THEATER SPACE IN ROWNTREE PARK.
8,THE SMALL WHITE SIGN UNDER THE &AMP;QUOT;BOURBON ST.&AMP;QUOT; SIGN SAYS, &AMP;QUOT;WORK IS THE CURSE OF THE DRINKING CLASS.&AMP;QUOT;
0,I'M PRETTY SURE THE BAR WITH THIS SIGN DID NOT, IN FACT, KNOW WE WERE COMING.
1,OK, SO LIKE 89% OF THE POPULATION, I LIKE NEON. THIS IS THE SIGN IN OUR OFFICE WINDOW.
0,I'VE BEEN WATCHING THIS TREE IN GROVELAND MA CONSUME THIS OLD SIGN SINCE THE LATE 80'S.
0,SIGN IN BAR : SWING NIGHT
1,THE MICROWAVE TOWERS ON THE HILL ABOVE THE SIGN
0,RUSTY STREET SIGN IN INDIA
1,I FOUND THIS SIGN NAILED TO A TREE ON THE SIDE OF THE ROAD IN RORATUNGA.
8,VIEW OF THE PENTHOUSE SUITES BELOW US.    NOTE THE LINE OF MUD IN THE WATER AS WE ENTER, SIGN OF THINGS TO COME...
1,SIGNBOARD VALENTINES : A MISCHIEF ON THE SIGN BY THE ROAD #PHOTO #SHOTWITHIPHONE
0,DETAIL OF A WALL SIGN IN NORTH PORTLAND, OREGON.
0,TOY DOG TIED TO A SIGN ADVERTISING A PET SHOP IN BRIGHTON.TAKEN WITH PANASONIC 20MM F1.7 LENS ON PANASONIC G1.
0,THERE WAS A SIGN NEAR BY THAT WAS LABELED PINK BEAUTY BUT I DON'T THINK THESE PURPLE FLOWERS WERE THAT.
0,TEAM BY SIGN WITH BIKE IN FRONT
0,STRANGE BATHROOM SIGN IN BANGKOK BAR
0,A SIGN AT THE SEA TURTLE SANCTUARY IN CAMARONES
0,THIS SIGN DECORATED STORE AND HOUSE WINDOWS EVERYWHERE IN SOUTH PARK
0,VERY WELL KEPT AND SHINY PUB SIGN IN COLTHAM ROAD, SHORT HEATH, WILLENHALL
0,TRAIL SIGN AT BRIDGE 4 IN MUIR WOODS
0,ANOTHER SIGN OVER THE MARKET
0,REFLECTION OF &AMP;QUOT;KINGCORN&AMP;QUOT; ADVERTISING SIGN IN POLISHED MARBLE FLOOR
0,ON A CRAB APPLE TREE IN HOW TUN WOODS.LAST WEEK THERE WAS NO SIGN OF IT.
0,ORLEANS STREET SIGN IN NEW ORLEANS SQUARE
8,QUITE LIKED THE RED OF THE SIGN AND RESCUE RING AGAINST THE BLUE OF THE WATER AND SKY.
8,A SIGN IN THE BATHROOM AT ACME. THE BATHROOM THAT IS THE SIZE OF A VERY SMALL CLOSET!
0,I STUMBLED ACROSS A PEACE SIGN SOMEONE HAD SCRIBBLED IN THE SAND ON CANNON BEACH.
0,YES OOPS YOU MIGHT SEE THE SIGN IN FRONT OF THAT BLACK CAR, WELL I DIDN'T SEE IT HONEST!
0,A ONEWAY STREET SIGN IN DOWNTOWN OKC
0,WOMEN'S BATHROOM SIGN IN THE HONOLULU AIRPORT
8,WHEN WE WERE WALKING IN BRICKTOWN OKC WE PASSED THIS SMALL CAFE.  I LOVED THE WAY THE STREET SIGN GLOWED IN THE DARKNESS.
8,THE SIGN MARKING WHERE THE FIRST PINA COLADA WAS MADE AT THE BARRACHINA BAR IN OLD SAN JUAN, PUERTO RICO
0,A SIGN IN THE BATHROOM OF OUR HOSTEL WARNING US TO BE CAREFUL OF LANDSLIDE.
0,SOCK MONKEY SITTING NEAR A SIGN
1,THE BEST COMPUTER SIGN IN THE COUTRY
0,AN ELECTRONIC SIGN IN SHINJUKU IN TOKYO, JAPAN DEPICTING A CUTE PENGUIN WEARING A CROWN. NO IDEA WHAT IT IS FOR!
1,JUDGING BY THE SIGN DOWN THERE AT THE JUNCTION, THIS WAS TAKEN 22 KMS WEST OF NYNGAN ON THE BARRIER HIGHWAY
1,A BRILLIANT SIGN ON THE WALL IN THE BARCODE NIGHTCLUB IN FAIRVIEW, DUBLIN.
0,THIS VINTAGE PLASTIC SIGN IS AT A VINTAGE CAR WASH IN SOUTH ST. JOSEPH, MISSOURI.
0,OLD NEON LIQUOR SIGN FOR A BAR CALLED PATS IN PORTSMOUTH, OHIO.
0,STANDING BY THE ROUTE 66 SIGN AT STUCKEYS SOMEWHERE IN NEW MEXICO
0,WARNING SIGN ON COCONUT TREE IN BROOME PARK.
0,A FUNNY STREET SIGN IN RAMONA, CA.  THERE IS A STREET CALLED A STREET.
0,AN AGE-INAPPROPRIATE BUT QUITE HILARIOUS SIGN ON A BATHROOM DOOR IN AN ABANDONED SCOUTS DEN, BALLYJAMESDUFF, CAVAN
0,A GHIBLI MUSEUM SIGN ON THE ROAD IN MITAKA
0,STREET SIGN IN VIGAN
0,THE WALL IN FRONT OF ELVIS' HOUSE (WE DIDN'T HAVE A MARKER TO SIGN IT)
0,TOOLS AND BEARINGS ALL OVER THE FLOOR A SURE SIGN OF WORK BEING DONE!
0,SHABBY COUNTRY  SIGN MULITI MEDIA FOR KITCHEN 9IN BY 9INSAYS........ YOU ARE WHAT YOU EAT.......SO EAT SOMETHING SWEET
1,THE YELLOW 'CISK' SIGN SIGNIFIES A BAR - THE VILLAGE'S LABOUR BAR, IN FACT.
0,RANCH SIGN IN KITCHEN
0,THIS WAS A FUNNY MISING CAT SIGN OUTSIDE TOP POT IN CAPITOL HILL
0,ARBY'S BIG HAT SIGN LOCATED IN PIGEON FORGE, TENNESEE.
1,SIGN ON SUNSET STRIP IN FT. LAUDERDALE THE PEDESTRIAN CROSSING THE STREET IS HOLDING A MARTINI GLASS. :)
0,CHANCED UPON THIS FUNNY ROAD SIGN WHILE WALKING. SO, DEFINITELY NEEDS TO TAKE A PICTURE OF IT.
0,STANLEY ROADSIGN - NOTICE 2ND TOP SIGN IN YELLOW
8,A SIGN IN THE CAR OF THE MONORAIL ON THE GROUNDS OF THE NATIONAL MOTOR MUSEUM IN BEAULIEU, ENGLAND
0,RANDOM BUSINESS SIGN IN THE FLOWER DISTRICT, NYC
0,HARD ROCK CAFE SIGN IN NASHVILLE, TN
0,BIKE ST LOUIS SIGN IN THE STREET
0,THIS SIGN SHOULD BE POSTED ALL OVER WASHINGTON HEIGHTS. PEOPLE THINK THE STREET IS THEIR OWN PERSONAL TRASH CAN.
0,F.T.R.A. BRIDGE SIGN IN
0,FUNNY SIGN BY THE GREAT WALL
0,RUSTY METAL SIGN WITH BLACK WRITING IN TOOTING, LONDON.
0,FALLING ROCK SIGN IN YELLOWSTONE NATIONAL PARK IN WYOMING.
0,SIGN IN TABLE
0,RESIN DUCKY WITH SIGN LANGUAGE 'P', BACKED BY GREEN GLITTER.
0,AN INSTRUCTIVE STREET SIGN IN CHELSEA.  AND ON THAT NOTE, FAREWELL, NEW YORK!
0,THIS SIGN WAS ACTUALLY ON CHURCH PROPERTY...THEY HAVE A CHILDRENS PLAY AREA IN BEHIND THE FENCE...
0,MEMORIAL SIGN IN BOOK 14
0,A STOP SIGN ON THE PEDESTRIAN WALK FOR PEOPLE IN FRONT OF A STREET CROSSING.
0,THE SIGN AT SOME COCKTAIL BAR IN TOWN
1,EVAN POSING NEXT TO THE SIGN AS WE EXITED THE CRAPPIEST ROAD IN UTAH.
0,IT'S OFFICIALLY TURNED COLD AND WET AND RAINY IN OHIO, A TRUE SIGN OF FALL.10.1.08 THE ROOF OF MUDD
8,I FIGURE I'LL KEEP THE OUT OF IRAQ SIGN IN THE WINDOW UNTIL THE SUN FADES ALL THE INK OFF IT.
0,ORTHODOX CHURCH SIGN AGAINST BLUEST OF SKIES
0,AN &AMP;QUOT;ANTIQUES&AMP;QUOT; PAINTED SIGN AND WINDOW ON AN ABANDONED BUILDING IN ALVISO, CA.
0,SIGN REFLECTION IN THE HOOD OF PARKED CAR
0,DAY 117, APRIL 26: A SIGN AT THE DOG PARK IN EAST LANSING.
0,&AMP;QUOT;PERFECTION&AMP;QUOT; STREET SIGN IN CRAVEN COUNTY, NORTH CAROLINA
0,#201 ON EXPLORE, JULY 7TH, 2007UNUSUAL STREET SIGN IN INVERNESS.
8,WE FOUND A DESK BY THE SIDE OF THE ROAD WITH A FREE SIGN ON THE DRAWER. SO WE TOOK IT. PROCESSING BY ANNA.
0,BAD ECCLESIOLOGY = BAD CHRISTOLOGY: ANNOYING CHURCH SIGN SEEN ON HARDY ROAD OUTSIDE OF VINTON IN FEBRUARY 2008
0,A BUTTERFLY TAKES 10 UNDER A WET FLOOR SIGN AT THE PSC
1,OUR GUARDIAN SPIDER AT WORK LIVES IN THE SIGN OUTSIDE THE FRONT DOOR
0,THIS SIGN WAS IN THE SKY WHEEL CAR LEAH, GUS AND I SAT IN.
0,SIGN FOUND IN BATHROOM WHILE WE WERE TRYING TO LOCATE A DIFFERENT LOST IPHONE
1,A NEW NEON SIGN ON SILVER STREET, IN THE WINDOW OF ANNAPURNA, THE AYURVEDIC VEGETARIAN RESTAURANT.
1,APRIL 19, 2009 - A SIGN IN THE WINDOW OF THE ELEMENTARY SCHOOL NEXT TO MY APARTMENT COMPLEX.
0,THERE IS A &AMP;QUOT;KFC&AMP;QUOT; SIGN AND REFLEXED BY A BUS WHICH BEEN STAY THERE FOR 5 SEC
0,HOTEL SIGN KNOCKED OVER BEHIND A TREE
8,BILL STANDING BY THE SIGN WITH THE OBSERVATION TOWER IN THE BACKGROUND
2,LACKING A REAL MACHINE TO LUG TO THE CONVENTION, ONE PERSON GETS BY HAVING NOLAN SIGN THIS INSTEAD.
0,I REDESIGNED A SIGN FOR MY SOUM. THIS IS IN RUSSIAN, MONGOLIAN, AND ENGLISH. IT IS AN INFORMATIVE ROAD SIGN.
0,STOLEN!!  DROVE BY THIS FRIDAY (5/8/09) AND NOW THERE'S JUST A POLE AND A NOTE ASKING TO HAVE THE SIGN BACK.
0,A SIGN BY STEVEN'S HOUSE BEFORE A MAD NIGHT OUT
0,SIGN ON A DOOR TO THE PUMP HOUSE OF A SWIMMING POOL AT MY HOTEL IN MALTA.
0,STEPH AND A CRAZILLY REFLECTED ROAD SIGN IN JOSH'S ROOM
0,SIGN IN RESTAURANT BATHROOM WARNING SHOPPERS AGAINST SHOPLIFTING. OFFERED: FREE RIDE IN SHERIFF'S CAR
0,THIS SIGN IS ON A HOUSE ON A HILLSIDE OVERLOOKING THE 52/125 INTERCHANGE IN SANTEE, CA
0,LEGENDARY "NO STAIRWAY TO HEAVEN" SIGN IN ENGLAND GUITAR STORE WINDOW ON MARSHALL AMP
8,THE SIGN AT THE END OF JOHN F. KENNEDY STREET IN GOLDEN GATE PARK IN SAN FRANCISCO CALIFORNIA WITH THE MOON IN THE BACKGROUND
0,SIGN IN A SHOP WINDOW SEEN THROUGH A CAR WINDSCREEN.
0,A SIGN FOR A HAUNTED HOUSE IN AN OVERGROWN PARKING LOT NEAR NORTHGATE MALL.
0,A FADED SIGN SPOTTED IN A VERITABLE SEA OF RETAIL MALLS AND BIG BOX STORES IN KELOWNA. (037A)
1,REFLECTION OF THE COSTA SIGN IN THE WINDOW
0,OLD SIGN ON A WALL IN BUCHANAN STREET.TAKEN WITH PENTAX AUTO 110 50MM F2.8 LENS ON PANASONIC G1.
1,FRANK WAS EXPLAINING THE MEANING OF HIS SIGN TO SOMEBODY THAT WAS SITTING BY THE WINDOW.
0,STREET SIGN - ST. PETER'S SQUARE IN MANCHESTER
0,BACK OF SIGN ABOVE BRIDGE
0,ANTONELLA MADE THIS SIGN FOR ME AND LEFT IT IN THE WINDOW
0,THIS IS A DARKCLOUD SIGN ACROSS THE STREET FROM EMMA'S IN KENDALL SQUARE.
0,OPERA SIGN IN STAINED GLASS
8,ROUND THE RIGHT HAND SIDE OF THE ADMIN BUILDING NEAR THE BLOCK COVERED IN IVY IS THIS QUIRKY SIGN
0,FOUND THIS SIGN ABOVE A URINAL IN THE TRAINING OFFICE
0,LONDON, ENGLAND.A SIGN POLE IN FRONT OF WESTMINSTER ABBEY.
0,A GIRL HOLDING UP A 'TUNE' SIGN IN THE CROWD. O2 WIRELESS FESTIVAL, HYDE PARK, LONDON JUNE 2007
0,A SIGN WARNS OF THE DANGERS OF CROCODILES IN A MANGROVE FOREST IN DARWIN.
0,MADDEN GRAS PARADE (JOE HORN IN WHITE SHIRT THROWING BEADS)
2,JUST NEEDS TO BE TRIMMED DOWN.MR. KYLE VAN HORN IS OFFICIALLY THE BEST PERSON IN THE WORLD.
2,STEAM DRIVEN CLOCK IN VANCOUVER OLD TOWN. ON THE HOUR IT TOOTS THE HORN LIKE A SHIP
0,FLAT BEACH IN HORN HEAD. SO MANY PEOPLE WALKING THEIR DOGS.
0,HORN POND TREE IN BLACK AND WHITE 2
0,GLASS ARTWORK BY HARRY HORN (MOUSE) AND DALE CHIHULY (SEAFORM) SITTING ON A LIGHT BOX IN MY LIVING ROOM.
8,THE VIEW THROUGH THE WINDOW IN THE SULTAN'S BEDROOM OUT ACROSS THE GOLDEN HORN TO THE NORTH.
2,THE CAT IN THE HAT ... WITH A FRENCH HORN
0,HORN POND TREE IN BLACK AND WHITE
2,I HAD MY EB HORN SITTING ON THE TABLE UNDER MY WILLOW TREE, AND NOTICED THIS COOL REFLECTION.
2,ISTANBUL FISH MARKET BY THE GOLDEN HORN
8,THE UNKAPANI BRIDGE CROSSING OVER THE GOLDEN HORN ,KINDA GIVES YOU AN IMPRESSION OF THE AMOUNT OF PEOPLE.
2,THE BLACK RHINO RUBBED HIS HORN AGAINST THE FENCE
0,MINUS 21.5 MYODISC IN TURTLE / HORN RIMMED TYPE PLASTIC FRAME
2,AN ABANDONED HOME STANDING AGAINST THE WINDS FROM BLUE CLOUDS ALONG THE BIG HORN RIVER IN MONTANA
2,YOU CAN TELL THE LION IS FEMALE BY THE HORN OF JEALOUSY ON HER HEAD.
0,LONG HORN EXCESS SOFA BED IN BLACK LEATHER TEXTILE 582 - FRONT PAGE
2,RESTAURANT IN THE HORN OF THE CARNIVAL PRIDE - ROSE COLORED GLASS ROOF
2,ENJOYING A FISH SANDWICH UNDER A BRIDGE NEAR THE GOLDEN HORN - ISTANBUL.
0,LONG HORN @ WIMPOLE MANOR IN BLACK AND WHITE
0,A HORN BILL BIRD IN THE TREE
2,A GROUP OF BIG HORN SHEEP CROSS THE ROAD IN FRONT OF US AS WE ENTER THE PARK.
2,BIG HORN COUNTY.  THE ST. XAVIER POST OFFICE BUILDING IN 2010.
5,MY HORN IN SOME INTERESTING LIGHT AND SHADOWS THAT APPEARED ON MY KITCHEN TABLE ONE AFTERNOON.
4,A CHILD ON THE SIDE OF THE ROAD ATTEMPTS TO SELL COW HORN LIGHT TO PASSING COMMUTERS IN CARS AND BUSES.
2,FIRE BOAT SPRAYING WATER IN THE GOLDEN HORN OF THE BOSPHORUS, ISTANBUL, TURKEY.
0,LAGLIO - WINDING ROAD UNDER ROOF BESIDE LAKE COMO; DRIVERS HAD TO HONK CAR HORN BEFORE ENTERING CORNER
2,FOOLING AROUND WITH GIMP AND CS4 AGAIN. THE LITTLE PERSON THAT BLOWS THE HORN IN MY CAR
8,SPOUTING HORN NEAR POIPU - THE WATER COMES OUT THROUGH A HOLE IN THE GROUND AS THE WAVES RUSH IN.
2,VIEW OF THE KIRIN HORN FROM THE WATER BUS STATION IN ASAKUSA.
2,PEOPLE STANDING ON THE BRIDGE OVER THE GOLDEN HORN AND FISHING.
2,GALATA TOWER AND BEYOGLU OVER THE GOLDEN HORN
0,SHELL FALLS NATIONAL RECREATION TRAIL. A GORGEOUS WATER FALL AND CANYON ALONG THE BIG HORN SCENIC BYWAY IN WYOMING.
0,PRISCILLA IS A SHORT HORN COW AND MOTHER OF PLATO, THE WHITE BULL CALF IN SOME OF MY OTHER PICS.
8,THE UNKAPANI BRIDGE CROSSING OVER THE GOLDEN HORN ,KINDA GIVES YOU AN IMPRESSION OF THE AMOUNT OF PEOPLE.
0,NAOMI HORN CUMMINGS FIXING A SCRAPE ON HER SON, SONNY, IN GRANDMA GUSSIE'S KITCHEN TABLE     AUG. 1950
2,NOTE THE HORN IN HAND.  MUSIC FROM TRUCK CONSISTED OF TWO SONGS: EYE OF THE TIGER AND ROCKY THEME SONG.
0,A RUSTY SIGN IN MOUNT VERNON, OHIO, READING &AMP;QUOT;CALL FIRE DEPARTMENT WHEN LIGHT FLASHES OR HORN SOUNDS&AMP;QUOT;.
0,THIS HORN SEEMS TO BE THE UNIVERSAL SIGN FOR A POSTAL BOX IN EUROPE.
2,I WALKED AROUND THE TOWER CLOCKWISE, STARTING OUT FACING THE GOLDEN HORN
0,A LITTLE BOY IN A STRIPED SHIRT BLOWS ON A HORN
8,A RED-HAIRED GIRL SOAKS UP THE SUNSHINE NEXT TO THE REBECCA HORN TOWER AT THE BEACH IN BARCELONETA.
2,THIS PRYOR HORSE WAS EATING ALONGSIDE THE ROAD IN THE BIG HORN RECREATION AREA.
2,VIEW FROM THE TOP OF GALATA TOWER INCLUDING GALATA BRIDGE  OVER THE GOLDEN HORN
2,CLOSE UP OF HORN ON COW SKULL ABOVE THE BED
2,A YOUNG MALE BIG HORN SHEEP TRYING TO FIGURE OUT HOW TO CROSS THE 1A HIGHWAY NEAR EXSHAW, AB.
0,GROUP SHOT - NOTE PERSON IN CAR LOOKING AT THE GROUP WITH HAND ON HORN - HONKING FOR PEACE IN ACTION!
0,LARGE FABRIC WALL HANGING OF 4-KEY VALVE HORN SILK-SCREENED IN YELLOW AND BROWN.
0,HORN IN A ROCK WALL
1,THIS IS THE FEMALE RHINO. THE MALE WAS BEGIN CRANKY (SCARY) AND KNOCKING HIS HORN AGAINST THE HUGE PROTECTIVE POLES.
2,FISHERMEN ON THE BRIDGE OVER THE GOLDEN HORN
2,AT THE GOLDEN HORN BY DAY AND BY NIGHT (EATING FISH OR SOMETHING ELSE).
2,THIS DOG WAS UNINTENTIONALLY HOLDING THE HORN DOWN IN THIS TRUCK AS IT BARKED AT OTHER DOGS.
0,CUTE NO HORN BLOWING STREET SIGN IN CUZCO, PERU
2,VIEW FROM THE TOP OF GALATA TOWER  INCLUDING GALATA BRIDGE  OVER THE GOLDEN HORN
0,COW MOOSE JUMPING POLE FENCE TO HEAD INTO TIMBER FOR DAY.  BIG HORN MOUNTAINS IN WYOMING.
8,THAT'S THE HORN OF OUR ORANGE RIVER BOAT IN THE LOWER CORNER OF THE PHOTO
0,GIRL IN PINK PLAYS YELLOW HORN
8,SULTAN AHMED MOSQUE FROM THE WINDOW OF GOLDEN HORN HOTEL..AND IN THE BACKGROUND THE POSEPHORE STRAIT
2,PEDESTRIAN BRIDGE OVER THE BIG HORN RIVER
8,LALALA....(TO THE TUNE OF LITTLE BOY BLUE COME BLOW YOUR HORN THE SHEEP IN THE MEADOW THE COWS IN THE CORN...)
0,A YET MORE DETAILED VIEW OF THE FLOWER BOUQUET IN A HORN OF PLENTY.
5,MY HORN IN SOME INTERESTING LIGHT AND SHADOWS THAT APPEARED ON MY KITCHEN TABLE ONE AFTERNOON.
0,SIGNED PEN AND INK DRAWING BY C H HORN 1901 JUMPING WATER
0,LONG HORN COW IN BLACK AND WHITE
8,ONE OF THE TOWERS ALONG THE GOLDEN HORN WITH A BIT OF THE CURTAIN WALL VISIBLE TO THE LEFT. TAKEN IN 1995
0,DEER HORN CYPRESS - RED TAG MEANS IT IS OVER 300 YEARS OLD, GREEN TAG IS BETWEEN 100 - 300 YEARS OLD
0,BIRD STANDING ON A ROCK IN THE LAGOON AT HORN POND. NOT SURE WHAT KIND IT IS
8,THE FOG HORN IS IN THE WHITE TOWER BEHIND THE RED BELLHOUSE. MY POSITION BLOCKS THE LIGHTHOUSE; IT'S BEHIND THE FOG TOWER.
0,IC1433 DEVILS TOWER NATIONAL MONUMENT WY WYOMING A LONG HORN BULL GRAZES IN A FIELD BELOW DEVILS TOWER AT DEVILS TOWER NATL MONUMENT IN WYOMING
8,THE SAME TOWER AS IN THE OTHER PHOTOS IN THIS SET, IN NOVEMBER 2004 AFTER THE MICROWAVE HORN ANTENNAS WERE REMOVED.
2,PERFECT SETTING BY THE GOLDEN HORN TO HAVE ANOTHER GLASS OF WINE
0,CORAL REEF PAINTING BY ARTIST ANA BIKICFLORIDA FAUNA MARINE LIFE BLUE TANG SEA FANS AND ELK HORN
2,CAUGHT AS FOUR BIG HORN SHEEP CROSSED THE TWO-LANE HIGHWAY NEAR LINCOLN, MONTANA.
2,PLATA VERDE SILVER MINE LOCATED IN THE VAN HORN MTS. OF WEST TEXAS
8,A VIEW OF THE KARAKOY AREA IN BEYOGLU,ISTANBUL (WITH THE GALATA TOWER) THE WATER IN FRONT IS THE GOLDEN HORN NOT THE BOSPHORUS
0,THIS EWE AND HER LAMB REST ON ROCKS NEAR TOWER FALLS ONE SUNNY AFTERNOON.THEY ARE BIG HORN SHEEP.
0,A BIG HORN SHEEP IN THE MOUNTAINS OF GLACIER NATIONAL PARK IN MONTANA.
0,SPOTTED THIS GRAMOPHONE WITH A STRIKING BLUE HORN BEHIND A WINDOW IN CULEMBORG.
2,BIG HORN SHEEP RESTING. WISH THERE WERE MOUNTAINS IN THE BACK GROUND.
8,ALSO KNOWN AS THE MULE HOUSE,THERE WERE LONG HORN CATTLE IN THE FIELD BEHIND THE HOUSE
2,BIG HORN SHEEP IN THE ROCKY MOUNTAINS OF COLORADO.
2,A VIEW OF THE EYSTRA HORN (EAST HORN) FROM THE BLACK PEBBLE BEACH AT HVALNES IN SOUTH EAST ICELAND
0,LONG HORN CATTLE OVER OUR BBR RESTURANT TABLE
2,THESE ARE WILD LONG HORN SHEEP THAT COME DOWN FROM THE MOUNTAIN AND HANG OUT IN THIS NEIGHBORHOOD PARK.
0,THE ALPHORN IS A BRASS INSTRUMENT, CONSISTING OF A NATURAL WOODEN HORN OF CONICAL BORE USED BY MOUNTAIN DWELLERS IN SWITZERLAND.
8,THE BOYS LOVED HONKING THE HORN IN THE CAR CART.
2,HERE YOU CAN ACTUALLY SEE WHERE THE BULL BROKE HIS HORN AGAINST THE WALL IN RAGE. YEAH, THAT'S BLOOD.
8,A WALL DECOR DISPLAYED IN THE HOUSES OF INDIGENOUS PEOPLE IN NORTHERN LUZON. NOTICE THE WEAVING AROUND THE ANIMAL'S HORN AND HEAD.
2,THE STREET SCENE (WITH OLD HORN &AMP;AMP; HARDART BUILDING )IS DWARFED BY THE SKYSCRAPERS.
8,ACCROSS THE STREET FROM THE LOG HOME WITH THE BIG HORN MOUNTAINSIN THE BACKGROUND. PHOTO TAKEN BY HOSANA
2,THOSE ARE BIG HORN SHEEP NEAR THE WATER BY THE RIVER.
0,PALE GREEN JADE CUP IN HORN SHAPE
8,FERRIES AND SHIPS SAIL THE GOLDEN HORN IN THE FOREGROUND WITH THE SILHOUTTE OF THE GALATA TOWER AT SUNSET
0,A TRUE TEXAS SIGHT. A BEAUTIFUL LONG HORN BULL STANDING IN A FIELD OF BLUEBONNETS. LIFE IS GOOD.
2,RIVER IN THE BIG HORN MOUNTAINS ON OUR WAY TO CODY
2,WE SAW THIS BULL  TODAY ABOUT 30 YARDS OFF THE HIGHWAY IN THE BIG HORN NATIONAL FORREST IN EASTERN WYOMING.
0,PANDA CUB PORTRAIT DONE IN &AMP;QUOT;REVERSE SCRIMSHAW&AMP;QUOT; ON BLACK BUFFALO HORN
0,BIG HORN SHEEP IN SILVER PLUME NEAR OUR HOUSE
2,ASPEN TREES RISE TOWARD THE SKY ALONG THE HORN CREEK HIKING TRAIL NEAR WESTCLIFFE, COLORADO.
2,AN OLD WHITE RHINO IN AN ANIMAL PARK. THE HORN IS SO LONG IT INTERFERES WITH HIS EATING
2,BIG CLOUD IN THE BIG HORN MOUNTAINS (WY 16)
8,THE FOG HORN IN THE ROOF OF THE DOME USED AS A SOUND EFFECT FOR HOME RUNS AND TOUCHDOWNS.
0,LATE SUMMER FLOWERS AT CAPE HORN LAKE NEAR STANLEY, IDAHO.
2,BIG HORN SHEEP ON THE SIDE OF THE ROAD IN MONTANA.
2,CABLE CAR IN THE CLOUDS AT THE TOP OF KITZBUEHLER HORN
0,BULL HORN AND DRESSER IN ABANDONED HOUSE
2,YOU CAN STAND IN FRONT OF THIS LIGHTHOUSE AS THE FOG HORN BLASTS AND IT SHAKES THE GROUND UNDER YOU.
0,BEAUTIFUL LAKE IN BIG HORN MOUNTAINS
8,~YEARS OF SUMMER CHILDRENRUNNING BAREFOOT FREE IN THE DUSTY ROADS 'TIL DUSK&AMP;AMP; THE HORN OF THE NIGHTTRAIN CALLS THEM HOME ~
0,OLD SHEEP HORN IN A 200 YEAR OLD BARN IN ICELAND. BEST VIEWED AT ORIGINAL SIZE.
2,230 LINE OVERLOOKING SHERIDAN WYOMING. BIG HORN MOUNTAINS IN THE BACK GROUND
8,THE HORSES WANDERING THE ROAD ON THE WAY THROUGH THE LITTLE BIG HORN BATTLEFIELD IN MONTANA.
2,CONRAIL SD50 NO. 6749 LEADS A WESTBOUND TV TRAIN APPROACHING THE ROUTE 53 BRIDGE NEAR CRESSON, PA.
2,STRIPPED CORK TREES BESIDE THE ROAD ON THE WEST COAST OF PORTUGAL - EN ROUTE TO LISBON
2,VIEW THROUGH THE REAR WINDOW OF AN ABANDONED PICK-UP TRUCK ALONG ROUTE 66 IN ARIZONA.
2,THE ROUTE I TOOK IN THE MORNING FROM HOUSE TO CAR
0,CZECH REPUBLIC_PRAGUE_SIDE STREET IN MALA STRANA DISTRICT, EN ROUTE TO PRAGUE CASTLE
0,STANDING BY THE ROUTE 66 SIGN AT STUCKEYS SOMEWHERE IN NEW MEXICO
2,AN OLD BUILDING ALONG ROUTE 66 AND THE TRAIN TRACKS IN KINGMAN, ARIZONA. HARLEY-DAVIDSON DEALER IN KINGMAN DID THE RECREATION.
0,OK, JUST ONE PINK HOUSE, BUT A VERY PINK DOOR, EN ROUTE FROM MY HOUSE TO FLIPNOTICS IN SOUTH AUSTIN.
2,GENIUS! THE ROUTE WAS MADE IN THE RIVER BED
2,AT THE BLACK CHERRI LOUNGE ON ROUTE 20 IN GARY, INDIANA
0,A WATER BAG HANGING IN FRONT OF A CAR AT THE ROUTE 66 MUSEUM IN CLINTON, OKLAHOMA.
2,RIDING OVER A BRIDGE SOMEWHERE AROUND HOMEBUSH.TAKEN WHILE RIDING MY BIKE ON THE NORTH SYDNEY ROUTE FOR THE SYDNEY SPRING CYCLE.
0,KASANDRA AND MONICA IN FRONT OF AN OLD TRAIN TUNNEL ON KETTLE VALLEY BIKE ROUTE (WE BIKED 24 KM)
2,AN ORIGINAL ROUTE 66 ROAD SIGN IN THE ROUTE 66 STATE PARK MUSEUM.
2,ROUTE 66 ROAD SIGN WITH THE SPRING RIVER IN THE BACKGROUND. - KELLOGG LAKE PARK @ CARTHAGE, MO
0,A TRAIN RUNNING ALONGSIDE ROUTE 66 NEAR NEEDLES, CA.
2,ROUTE 20 IS CLOSED TO NEW LIFE DUE TO NEW TUNNEL UNDER THE HIGHWAY FOR THE NEW BIKE/ WALKING PATH
0,THERE WAS A FALLEN TREE EN ROUTE AROUND DERWENTWATER LAKE AND SOMEONE HAD STARTED PILING MINI CAIRNS ON IT....WONDERFUL!
2,A PIG NEAR TO THE ROAD TO THE NORTH ROUTE
0,TOOK A TRAIN RIDE IN A DIFFERENT ROUTE TO MY HOUSE AND LANDED UP ON CHRISTOPHER STREET.
2,BITS OF FROST TRAPPED BETWEEN THE PLANES OF GLASS IN MY AIRPLANE WINDOW, EN ROUTE TO SALT LAKE CITY.
0,ABANDONED TELEPHONE POLES AND ELECTRIC METERS AT A FORMER CAMP GROUND ALONG ROUTE 66 IN SELIGMAN, ARIZONA
2,FISHING BOAT DOCKED IN NEW LONDON CT. THAT IS THE ROUTE 95 BRIDGE THAT SPANS THE THAMES RIVER
0,NISEKO GRAN-HIRAFU SKIING GROUND ACENO.2QUAD, REGULAR ROUTE BUS IN HOKKAIDO. THIS PHOTO IS TOKEN ON AUGUST 15,'08.
0,CONNEXXION BUS. SINCE A LONG TIME A GREEN BUS ON ROUTE 157 TO ALMERE, HERE AT AMSTELSTATION IN AMSTERDAM.
2,BEFORE CROSSING EACH BRIDGE THERE WAS A DEDICATED BIKE ROUTE UP HILLSIDES NEAR THE BRIDGES
8,LOOKING THROUGH GRASS TOWARDS THE DRY STONE WALL THAT FORMED PART OF THE EMBANKMENT OF THE RAILWAY ROUTE BELOW MINNINGLOW, DERBYSHIRE
0,THIS WOODEN PEDESTRIAN BRIDGE OVER OLD MINE ROAD IS WEST OF ROUTE 72.
0,SITTING ON A PINK TOILET ON ROUTE 66 IN SELIGMAN ARIZONA DURING OUR ROAD TRIP
0,A HOUSE WITH A &AMP;QUOT;LOVE&AMP;QUOT; SIGN ALONG ROUTE 7 IN VERMONT.
2,EN ROUTE TO THE HILL COUNTRY:  THE FIRST DR. PEPPER BOTTLING PLANT IN US, 1891, IN DUBLIN, TX
8,THIS BUS HAS HAD THE 32 ROUTE BRANDING REMOVED, EXCEPT FOR THE RUNNING HEADING ALONG THE ROOF ABOVE THE WINDOWS.
0,SELKENT 18496 ON ROUTE 47 TOWARDS BELLINGHAM (CATFORD BUS GARAGE) IS SEEN IN BROOKMILL ROAD DEPTFORD. 19/07/10.
2,THE GOLDMAN SACHS BUILDING IN NEW JERSEY AS VIEWED FROM HUDSON RIVER EN ROUTE TO STATEN ISLAND
0,BATHROOM SINK IN CAR #8 OF EXPRESS TRAIN 731 EN ROUTE FROM NANJING TO SHANGHAI
0,TRACK AND WATER TOWER BESIDE ROUTE 66
0,EXAMPLE OF BUS STOP DISPLAY FOR STOP WITHOUT SHELTER. ROUTE MAPS CURVED AROUND POLE
0,A GEODESIC DOME BAR SERVING PIZZA AND BEER. COLORADO ROUTE 96. SANGRE DE CHRISTO MOUNTAINS IN THE BACKGROUND.
2,A PACK BURRO EN ROUTE UP THE MOUNTAIN ROAD NEAR TOLUQUILLA.
2,AN OLD ROAD SIGN DIRECTING YOU WHERE TO HEAD IN ADRIAN, TEXAS, THE MIDPOINT OF ROUTE 66.
2,A PASSING HILL IN THE FOG FROM OUR TRAIN WINDOWN EN ROUTE
0,DAMP WATER ROUTE ALONGSIDE TRAM ROAD NEAR WAKULLA BEACH.
2,AN OLD CAR STANDS AS A REMINDER OF ROUTE 66 HERITAGE NEAR THE PETRIFIED FOREST IN ARIZONA
0,11/08/04TAKEN FROM MY CAR WINDOW EN ROUTE TO WORK IN SONOMA, CA.
0,IN BERLIN, NJ, WHERE A SIGN PAINTING COMPANY AND A BAKERY SHARE A BUILDING ON US ROUTE 30.
0,BIKE BOX IN VANCOUVER FACILITATES A CROSSING OVER BUSY GEORGIA ST. TO BIKE ROUTE ALONG PENDER.
6,STAGECOACH SOUTH WEST ADL/M.A.N. ENVIRO 300 FOR GREEN PARK &AMP;AMP; RIDE ROUTE IN EXETER BUS STATION LOWER LEVEL.
2,OLD WATER TOWER, PROBABLY AT YAROSLAVL STATION ON THE TRANS-SIBERIAN TRAIN ROUTE IN RUSSIA.
8,BURNT HOUSE IN AFTON, OKLAHOMA, ACROSS THE ROAD FROM THE AVON COURT ON THE OLD ROUTE 66.
8,WITH THE WATER NOW UNDERGROUND JUST BELOW REES SADDLE, WE'RE VIEWING THE ROUTE TAKEN WITH MT.CLARKE STANDING PROMINENTLY IN THE BACKGROUND
2,TYRE TRACKS IN THE RED SAND - CANNING STOCK ROUTE
8,THE ROUTE FOR THE LIGHT RAIL LINE IN KUALA LUMPUR ON THE ROOF OF THE TRAIN
8,STANDS IN THE DOOR CALLING TO PEOPLE ON THE STREET WHAT ROUTE THEY ARE DRIVING AND IN SOME CASES COLLECTS THE MONEY.
0,A ROAD SIGN ON THE LAKESHORE ROUTE AROUND KASTANIENBAUM, NEAR LUCERNE
2,SOMEHOW THE MOUSEY'S HEAD GOT SQUISHED BY THE CAKE BOX'S TOP EN ROUTE TO SAM'S HOUSE
0,IY7246 ROAD SIGN BIKE ROUTE SIGN YIELD TO PEDESTRIAN IN CROSSWALK SIGN PEDESTRIAN CROSSING SIGN REGULATORY SIGNS
0,OLD CHEVY TRUCK NEXT TO RANCH HOUSE CAFE SIGN IN TUCUMCARI, NEW MEXICO ON ROUTE 66
0,UNKNOWN BRIDGE OVER UNKNOWN RIVER BUT IT'S THAT CLASSIC ROUTE 101 STYLING AGAIN. *SIGHS CONTENTEDLY*
0,A CASCADES DINING CAR ON A TRAIN PASSING BY ROYAL BROUGHAM WAY EN ROUTE TO KING STREET STATION.
0,A HUGE WATERING CAN LEANS TOWARD A FLOWER BED IN THE MEDIAN WHERE ROUTE 11 COMES INTO STAUNTON, VIRGINIA.
0,VILLAGE SCENES EN ROUTE - BRIDGE OVER A RIVER
2,INTERSTATE 71 LOOKING NORTH, FROM THE PEDESTRIAN BRIDGE OVER THE HIGHWAY BETWEEN MORSE ROAD AND ROUTE 161.
2,EX MILAN CAR 1811 ON THE MUNI HERITAGE STREET CAR ROUTE 'F' LINE. SEEN IN MARKET STREET, SAN FRANCISCO.
0,BAMBOO INSTEAD OF GRASS IN THIS FRONT LAWN ON OUR BUS ROUTE
2,. . THE REMAINS OF BISHOPSTONE BEACH STATION WATCHES THE LATEST IN TRAIN TECHNOLOGY RACE BY EN ROUTE TO SEAFORD.
0,CEMETERY MONUMENT WITH A TREE THEME AT PRICE CEMETERY, ALONG ROUTE 37 NEAR ESSEX, OHIO IN UNION COUNTY.
0,A WHITE PASS AND YUKON ROUTE (WP&AMP;AMP;YR) TRAIN CAR IN SKAGWAY, ALASKA.
2,THIS WAS TAKEN FROM THE AIRPLANE WINDOW EN ROUTE FROM FRANKFURT TO PARIS.&LT;I&GT;PHOTO BY KEVIN BORLAND.&LT;/I&GT;
0,SWIMMING IN A TRAIN ROUTE BOX IN TIMES SQUARE.
2,BROKEN TREE BESIDE OUR HOUSE, ON ROUTE TO THE BEACH
1,OUR ROUTE WAS A LITTLE ABOVE THE RED LINE, STAYING ON THE SOLID ROCK ABOVE THE SCREE.
0,NEW ROAD BRIDGE OVER ROUTE OF FUTURE RAILWAY IN GALASHIELS
0,NICOLE ON BUS IN PHILLY, EN ROUTE TO TRAIN STATION
2,PACKHORSE BRIDGE AT MOULTON, NEAR NEWMARKET. A MEDIEVIL STONE BRIDGE ON THE ROUTE FROM CAMBRIDGE TO BURY ST EDMUNDS.
2,A PIG AND A PIGLET NEAR TO THE ROAD TO THE NORTH ROUTE
2,12 MAY 2007NICOLE DISCOVERS THAT THE BIKE ROUTE HAS BEEN CLOSED FOR ROAD REPAIR IN AMBOISE, FRANCE
2,IT STARTS DOWN IN THE VALLEY... THEN CONTINUES ON A BIKE TRAIL FOLLOWING THE ROUTE OF AN OLD TRAIN LINE
2,EN ROUTE TO SINGAPORE, WE PASSED THIS SMALL CAY IN THE OCEAN AFTER CROSSING THE NORTHERN COAST OF WESTERN AUSTRALIA
0,RED-TAIL HAWK SITTING ATOP A LIGHT POLE ON ROUTE 29 NEAR LAUREL, MD. IN NOVEMBER 2010.
8,THERE IS YELLOW PAINT + MARKS WITH CIRCLES AROUND THE + ON THE ROCK MARKING THE ROUTE
2,TYPICAL WOODEN HOUSE ON THE ROUTE TO ZAKOPANE DAYTRIP TO ZAKOPANE IN THE MOUNTAINS.  WINTER HOLIDAY BASED IN KRAKOW, POLAND,
0,I THOUGHT OF ITA, SHE'S IN MENDOZA - ARGENTINA. AMTRAK TRAIN BATHROOM EN ROUTE TO LA.
2,STREET LAMP IN THE PAVEMENT TO MARK BICYCLE ROUTE
0,ROUTE IN RIVER BED
2,MAP OF DIFFERENT TRAIN ROUTE IN THE WALL
8,JUST AROUND THE CORNER THE PARETE DEL CHIADO. THE LITTLE ROUTE BOOK BOX IS VISIBLE.
0,MULLEYS OPTARE ON ROUTE A44 FOR MILDENHALL AT THE BUS STOP IN ST ANDREWS STREET SOUTH IN BURY ST EDMUNDS
2,THE BIGGEST AND BADDEST SHOE TREE I EVER SAW! (OFF ROUTE 50 IN NV)
0,ROUTE 66 ROAD TRIP ARIZONA - HISTORIC DISTRICT OF WILLIAMS, AZ, NEAR FLAGSTAFF. ROTARY CLUB CLOCK ERECTED 2010.
2,THIS BUILDING HERE HAS THE APPEARANCE AND SIZE OF AN OLD WOODEN RAILROAD BOX CAR. IN SEARCH OF ROUTE 66
2,SHOT TAKEN FROM THE WINDOW OF A TRUCK ON ROUTE 91 NEAR THE OXBOW IN EASTHAMPTON MASSACHUSETTS
0,FEMALE BUS DRIVER (RARE) PARKING BUS IN MIDDLE OF TRAFFIC TO EXIT AND CHANGE HER ROUTE SIGN (COMMON)
8,OVERLOOKING THE RIVER NEAR SHIBUKAWA STATION ALONG THE JR ROUTE FROM TOKYO TO THE ONSEN. THE BRIDGE AT TOP SUPPORTS THE JR LINE.
2,HEADING HOME OVER THE ROUTE 202 BRIDGE AFTER RIDING DOWN TO PHILLY TO SEE THE ANNUAL BIKE RACE.
0,TRANSDEV LONDON  DE28 ON ROUTE 371 CLIMBS A ROAD HUMP IN EDEN STREET KINGSTON. 24/11/10.
0,ROUTE AROUND GRETA POINT - SCOPE FOR BOARDWALK FROM ROAD ACROSS BEACH
0,A CROSS SLOWLY LEANS ON TOP OF AN ABANDONED CHURCH ALONG ROUTE 66 IN AMBOY, CALIFORNIA.
2,FOOTPATH BRIDGE ON BIKE ROUTE AROUND THE USK RES. ERECTED LATE JANUARY 2010.
0,OLD RUSTY CAR OFF OF OLD ROUTE 66 IN OATMAN, AZ
2,A FEMALE MOOSE SPOTTED BY THE SIDE OF ROUTE 26 IN NEW HAMPSHIRE.
2,PHIBSBORO'S EUROCOACH MV 76 ON CROSS CITY ROUTE 121 TO......THE YELLOW SCROLLS BLENDING IN NICELY WITH THE IMP LIVERY
2,THESE PETROGLYPHS ARE ON A ROCK WALL ALONG THE COLORADO RIVER NEAR MOAB, UT, ON ROUTE 279.
2,A TUNNEL IN THE NORTH OF MADRID ON THE GREEN RING BIKE ROUTE
2,EN ROUTE TO ANCHORAGE: SINGLE LANE TRAFFIC IN MOUNTAIN TUNNELL.. TAKING TURNS WITH THE TRAIN. NOTICE THE TRAIN TRACKS!
2,EN ROUTE THROUGH THE LAKE DISTRICT WILDERNESS TO DALEGARTH, HIGHEST MOUNTAIN IN ENGLAND
2,ROUTE 66 SIGN PAINTED ON THE GROUND AT THE CONOCO TOWER GAS STATION IN SHAMROCK, TEXAS.
2,VIEW NEAR ROUTE 202MAHWAH, NJALL THE RED AND BRIGHT ORANGE TREES CAME DOWN IN THE STORM.
2,ROUTE 208 NOW IS RIGHT ABOUT WHERE THAT TELEPHONE POLE IN THE BACKGROUND IS.
2,PICTURE TAKING OUT THE PASSENGER'S WINDOW WHILE DRIVING ACROSS THE ROUTE 11 BRIDGE IN SALEM
0,A RED DOOR IN AN OLD HOUSE IN THE GHOST TOWN OF CUERVO, NM ON ROUTE 66.
2,ROUTE 43 TOLL EXPRESSWAY.. YOU CAN SEE HOW HUGE IT IS BY THE ADVERTIZEMENT SIGN TOP RIGHT OF COLUMN
2,EN ROUTE TO THE JUNGLE, WE TRAVELLED UP RIVER IN THIS LONG BOAT FOR ABOUT 3 HOURS
0,ROUTE 66 ROAD BED IN PAINTED DESERT
2,THE STREET SIGNS MARK THE 'SILK ROAD' WALKING ROUTE IN VANCOUVER'S IMPRESSIVE CHINATOWN.
0,A SHINY RED OLDS PARKED IN FRONT OF THE HOTEL WEATHERFORD IN FLAGSTAFF DURING ROUTE 66 DAYS.
2,A TREE STANDS OUT AGAINST THE BLUE SKY ALONG MISSISSIPPI ROUTE 25 SUNDAY, SEPT. 28, 2008, NEAR KOCH, MISS.
8,A CLEAR VIEW OF THE DIRTY PATH LEADING JUST AROUND THE CORNER TO CAMP SHERMAN, PLUS THE WHOLE ROUTE UP THE MOUNTAIN
0,GREAT ALLEGHENY PASSAGE BIKE TRAIL BRIDGE IN FOREGROUND, PA ROUTE 381 BRIDGE IN BACKGROUND - OHIOPYLE, PA
0,A ROAD SIGN IN CEUTA SHOWING THE FERRY ROUTE TO ALGECIRAS IN MAINLAND SPAIN.
0,SOMEBODY KEPT FLYING IN CIRCLES AROUND THE PARADE ROUTE IN THEIR LITTLE AIRPLANE
0,THIS BUS ACTUALLY HAD BUS STOPS, A PRINTED TIME TABLE AND RAN ON A SCHEDULE AND A SET ROUTE AROUND THE SITE.
8,THE ARCHITECTURAL ROUTE UP THE MOUNTAIN ENDS IN A SQUARE WITH A TALL PAGODA OVERLOOKING A BEND IN THE RIVER AND THE GREEN HINTERLAND.
2,ANOTHER VIEW OF THE ROUTE 50 BRIDGE OVER THE SEVERN WITH BLURRY CAR LIGHTS.
2,A NEWSPAPER SELLER PRESSES HIS WARES AGAINST THE VAN DOOR EN ROUTE TO SANUR, BALI. JULY '10.
0,COLORFUL VICTORIAN BUILDING IN NEARBY MARGARETVILLE, ABOUT 10 MILES AWAY DOWN ROUTE 30.
2,SITE OF A FORMER ROUTE 66 TRUCK STOP NEAR GROOM.  THE TOWER WAS A GIMMICK TO GET PEOPLE TO STOP.
2,EN ROUTE TO THE BIKE PATH IN JERSEY HORSE COUNTRY
0,FAMOUS LEANING WATER TOWER IN TEXAS ALONG ROUTE 66
0,HOT DOG JOHNNY'S NEON HOT DOG SIGN ON ROUTE 46 IN BUTTZVILLE, NJ. FRESH BUTTERMILK AND BIRCH BEER ON TAP!
0,A FLOWER PEEKING THROUGH A CRACK IN THE PAVEMENT OF ROUTE 66 NEAR JOHN'S MODERN CABINS
2,ANCIENT LANDMARK SPOTTED BY THE SIDE OF THE ROAD EN ROUTE TO RODEZ AIRPORT.
0,A CHURCH TOWER ALONG THE TOURIST WALKING ROUTE IN COPENHAGEN
0,DERELICT BUILDING WITH ROUTE 66 SIGN NEAR SPRINGFIELD, MISSOURI.
0,ROUTE 66 ROAD SIGN IN CHICAGO.
0,A CLOCK TOWER THAT STANDS AS A MONUMENT TO HISTORIC ROUTE 66 IN DOWNTOWN ALBUQUERQUE.
2,LOOWIT AND AND THE ELK ESCAPE ROUTE FROM THE SOUTH COLDWATER TRAIL IN MOUNT SAINT HELENS NATIONAL VOLCANIC MONUMENT
2,JEFF, DUNCAN AND DAVE CROSS A FIELD EN ROUTE FROM WELLER'S TOWN TO PENSHURST, DEEP IN THE KENT COUNTRYSIDE.
0,KP EN ROUTE TO SEDONA -  RED ROCK FROM IRON OXIDE IN SEDONA AREA
2,A BRIDGE ON THE PACIFIC COAST ALONG ROUTE ONE IN CALIFORNIA. AUGUST 2007.
8,EACH SCRIPTURE SHOULD BE UNDERLINED (PREFERABLY IN RED PEN), AND THE NUMBER OF THE ROUTE SHOULD BE PLACED IN THE COLUMN NEXT TO THE SCRIPTURE.
0,DAD TOOK THIS PHOTO TOO. HE HAD A NEWSPAPER ROUTE IN MANCHESTER, AND THIS HOUSE WAS ON IT.
2,WENT UP THIS BY MISTAKE, THE ROUTE STARTS ON THE ROAD BRIDGE TO THE WEST
0,A GOTHIC HOUSE ON A HILL ON ROUTE 9 IN WILMINGTON VERMONT EXPERIENCES THE BEAUTIES OF FALL FOLIAGE.
2,VIEW FROM OUR WINDOW IN THE PANARAMIC SCENIC TRAIN ROUTE FROM LUCERNE TO INTERLAKEN
0,LONDON GENERAL PVL396 ON ROUTE 171 IN NEW OXFORD STREET AWAITING A RETURN RUN TOWARDS CATFORD BUS GARAGE. 17/07/10.
2,BBC TV CAR ON THE ROAD IN SYRIA - EN ROUTE FOR LEBANON
2,ZILLA BUILT ME A ROCK BRIDGE TO TRY TO GET OVER TO STARFISH ISLAND...HAD  TO TAKE THE SHORT LEGGED PERSON'S ROUTE
2,OUR ROUTE UP THE WEST SIDE OF THE BOWL IN RED
8,ON MUCH OF THE ROUTE THE RAIL LINE WAS SEPARATED FROM THE ROAD BY A FENCE OF A ROW OF TREES.
0,FIRST BUS ROUTE 66 NEW ROAD BRIXHAM IN ALL OVER ARMY CAREER ADVERT
2,EN ROUTE HOME, A BRIEF GLIMPSE OF BLUE SKY BEFORE THE RAINS KICKED IN AGAIN.
2,A PIG NEAR TO THE ROAD TO THE NORTH ROUTE
8,HIBERNIANS SOCIAL PLAYING THE BALL ACROSS FIELD AS THE ROUTE TO THE WING IS BLOCKED BY ERIC AND CHERN LING.
2,THIS EC-TRAIN HAD TO CROSS THE BRIDGE OVER THE DANUBE AND &AMP;QUOT;DANUBE ISLAND&AMP;QUOT; EN ROUTE FROM VIENNA TO WARSCHAU.
0,ABELLIO SURREY 8091 IN SILVER LIVERY ON ROUTE 515 TOWARDS GUILDFORD IS SEEN IN EDEN STREET KINGSTON. 22/10/10.
2,YELLOW GATE MARIA (JULIE ANDREWS) RUNS ALONG IN ROUTE TO HER INITIAL ARRIVAL AT THE HOUSE
8,ROUTE 66 NEAR TUCUMCARI, NEW MEXICO. NOTICE THE BIG COW PIE ON THE GROUND IN FRONT OF THE CAR.
2,YES I LIKE TO PARK MY CAR IN THE MIDDLE OF THE ROAD TO TAKE PHOTOS... ROUTE 66 UP TO OATMAN...
2,INTERSECTION HEADING OVER THE BRIDGE TOWARDS ROUTE 1.  CARNEGIE LAKE VISIBLE ON RIGHT.
8,THE TOWER IN THE DISTANCE MARKS THE PELEE PASSAGE, A SHIP ROUTE BETWEEN THE CANADIAN MAINLAND AND PELEE ISLAND
2,BIRD PERCHED ON AN OLD TELEPHONE POLE ALONG WHAT WAS ROUTE 66 IN THE PAINTED DESERT AND PETRIFIED FOREST
2,THIS WAS TAKEN FROM THE AIRPLANE WINDOW EN ROUTE FROM FRANKFURT TO PARIS.&LT;I&GT;PHOTO BY KEVIN BORLAND.&LT;/I&GT;
0,THOUGHT THIS MAY HAVE BEEN A TOURIST ROUTE LIKE THE RED BUS IN BRISBANE
2,CSX TRAIN BESIDE THE CANAL (THE OLD WATER LEVEL ROUTE OF THE NEW YORK CENTRAL)
2,THE FREQUENT CHICKEN BUS ROUTE NEAR OUR &AMP;QUOT;NEIGHBORHOOD&AMP;QUOT; IN ANTIGUA.
2,THE AIRPLANE GOES OVER THE GUNKOU-BASHI BRIDGE OF NATIONAL ROUTE 171 WHILE CIRCLING APPROACHING.
2,DEAD GREENBRIAR ON THE ROUTE 66 BRIDGE OVER LAKE OVERHOLSER
0,AUBURN BRANCH COVERED BRIDGE ON EAST MAIN STREET (OLD NATIONAL ROAD) IN CLARK CENTER, ILLINOIS(LOOKING SOUTH FROM ROUTE 40)
0,SOMEWHERE IN DELAWARE ALONG AMTRAK'S NE CORRIDOR TRAIN ROUTE
2,SMOTHING SAND NEAR NEVADA ROAD EN ROUTE TO LAKE HAVASU
2,THE NEW ROUTE 66 BRIDGE THAT CROSS 11TH STREET NEAR RIVERSIDE
0,RED SKY OVER ROUTE 66.
0,JUST ORDINARY BUILDING. NICE GREEN SHOP SIGN IN ONE OF MY FAVOURITE NORDIC WALKING ROUTE AROUND MUNKKINIEMI.
2,A MALE &AMP;AMP; FEMALE BLUECRANE (SOUTH AFRICA'S NATIONAL BIRDS) PHOTOGRAPHED ON THE GAME DRIVE IN GARDEN ROUTE RANCH
2,WE THOUGHT BUILDING ROADS IN NS ROCK WAS HARD, YOU SHOULD SEE THE ROADS ON ROUTE 119 IN KENTUCKY!!
2,THIS MOTHER AND SON WERE SELLING FRUIT BY THE SIDE OF THE ROAD ON ROUTE 6.
0,140 IS FRAMED BY GREEN GRASS AND LEAVES WHEN IT IS WESTBOUND AT 124 ST/114 AVE AS A ROUTE 135.
2,TYPICAL EARLY AFTERNOON SKY FOR THE SUMMER. ROUTE 66 AND TRAIN TRACKS IN THE FOREGROUND.
6,STAGECOACH DEVON ADL MAN ENVIRO 300 PAINTED FOR GREEN PARK &AMP;AMP; RIDE ROUTE SEEN IN EXETER BUS STATION.
0,SANDSTONE CANYON WALL ALONG UTAH STATE ROUTE 95 IN SOUTHEAST UTAH NEAR GLEN CANYON NATIONAL RECREATION AREA
9,SITTING ON SOMEONES FRONT WALL IN BRECON, WALES ON THE GREEN ROUTE FROM THE BRECON VISITOR'S CENTRE.
0,RM126 ON ROUTE 11 TOWARDS LIVERPOOL STREET STN SEEN IN VICTORIA BUS STN, 1980'S.
0,A CLOUD DISCHARGE IN THE SKY OVER RURAL PUTNAM COUNTY, NEAR ROUTE 18, IN ILLINOIS.
0,THIS OLD PHILLIPS 66 ROAD SIGN  IS PART OF A DISPLAY ABOUT ROUTE 66 IN MISSOURI.
0,SOMEONE TRANSPLANTED A ROUTE SIGN OUT IN THE WOODS,THIS ROAD IS BETTER THAN RT 1 IN PLACES.LOL
8,A TREE BY THE SIDE OF THE ROAD ON ROUTE 209 IN PA. THE LEAVES WERE LIT UP BY THE SUN.
2,BLUE RAILING KEEPING THE CYCLE ROUTE BACK FROM THE OLD RAILWAY BRIDGE IN ELDERSLIE
0,WE CRAMMED OURSELVES ON THAT BED LIKE A BUNCH OF CUBANS IN A BOAT EN ROUTE TO MIAMI!!!
2,THIS IS A DOUBLE-DECKER BRIDGE CROSSING THE SCHUYLKILL RIVER IN PHILADELPHIA, PENNSYLVANIA. ON THE MAP, THIS IS ROUTE 95.
2,OUR SECOND ROAD BLOCK ON THE ROUTE TO KELOWNA.  FIRST DELAY WAS THE MUDSLIDE ON THE TRANS CANADA HIGHWAY NEAR GOLDNE B.C.
0,IB0845 ROAD SIGN ROUTE 66 SPRINGFIELD IL ILLINOIS HISTORIC ROUTE 66 ROAD SIGN IN SPRINGFIELD ILLINOIS
0,SHOT FROM TRAIN RUNNING IN KONKANRAILWAY ROUTE IN WESTERN PART OF INDIA.THIS PHOTO WAS SHOT IN JULY 2007 .
2,RT8'S TOP DECK REAR SHOWING THE INSIDE FLAP TO THE REAR ROOF ROUTE NUMBER BOX FITTED ABOVE THE REAR EMERGENCY WINDOW. 03/08/10.
0,CHILDISH TRUCK ROUTE SIGN IN CATALINA
0,THIS OLD, ABANDONED TRAIN IS ON A SIDE STREET OFF OF ROUTE 46 NEAR LIBERTY.
8,CONSTANTLY HERE BY THE SIDE OF AYRES ROCK, YOU CAN SEE THE ROUTE THE WATER TAKES DOWN THE ROCK WHEN IT RAINS.
2,LEAVING THE GORGE IN STYLE. THE ROAD WAS TOO BLOWN UP TO DRIVE SO WE TOOK A RIVER ROUTE
2,WE CROSSED BACK OVER THE RIVER EN ROUTE TO THE SALT WATER LAKE.
0,BELL TOWER IN A DERELICT BUILDING ALONG OLD ROUTE 66 - WEST OF SPRINGFIELD, MISSOURI.
0,JUST A GIRL IN THE MIDDLE OF A STREET WITH NO EXIT
8,THE FRONT DESK OUTSIDE THE EXIT FROM THE HAUNTED HOUSE AT THE 16TH DISTRICT POLICE STATION IN CHICAGO
1,I JUST LOVED ALL THE DETAIL IN THE HALLWAY - WOODEN FLOOR, LITTLE EXIT SIGN
8,ABORIGINAL MOTIF USED IN THE ROOF OF THE EXIT FROM DARWIN AIRPORT TERMINAL TO THE PUBLIC CAR PARK.
1,WE WENT OVER THIS BRIDGE THE OTHER NIGHT WHEN WE TOOK THE WRONG HIGHWAY EXIT AND IT REALLY WAS BEAUTIFUL.
0,EXIT SIGN IN THEATER
1,ROACH CRAWLING ACROSS THE FLOOR NEAR THE EXIT OF MY BUILDING -- JULY 8, 2010
0,I STARE AT MY SCREEN (OR PAPER IN THIS CASE) ALL DAY AND PLOT AN EXIT STRATEGY :P
2,I DON'T KNOW WHAT MOUNTAIN THIS IS, IT'S IN ALASKA ON THE ROAD TO EXIT GLACIER
1,THE OFFICIAL EXIT FROM THE BUS STATION INVOLVES CLIMBING A WALL AND J-WALKING, IN TRADITIONAL SOVIET FASHION
0,COOL OFFICE IN HOTEL PIZ LINARD: ORANGE LAMP, DRUM KIT, BREUER + SAARINEN CHAIRS, EXIT SIGN COLLECTION
0,SUNSET SKY REFLECTS IN THE RIVER FROM EXIT GLACIER.
0,NEW SIGNAGE OFF EXIT 2 OF I-84 IN STURBRIDGE.  I'M STANDING ON A STONE WALL OUTSIDE OF A HEBERT'S CANDY SHOP.
0,EXIT SIGN NEAR ELEVATOR, FIRST SLOOR, 4TH STREET SIDE OF BUILDING.  NEEDS TO BE REPLACED.
1,THE FIRST FLOOR LEVEL WITH A ROOF BEAM LEANING AGAINST THE WALL. BEHIND THE ROOF BEAM IS AN EXIT DOOR
1,THE EXIT SIGN IN THE SKY
0,FLAG BY EXIT DOOR OF LIBRARY
1,THIS IS THE ROOF ABOVE THE EXIT DOORS AT THE DENVER PERFORMING ARTS BUILDING DOWNTOWN.
1,THE ONLY UN-TREE-BLOCKED EXIT FROM THIS NEIGHBORHOOD - BLOCKED BY AN EMPTY STREET MAINTENANCE TRUCK
8,THE HAUNTS IN THE HOUSE  CAUSED A RAPID EXIT THROUGH THE DOOR TO THE COURTYARD!
1,THERE WAS ACTUALLY AN EXIT SIGN ABOVE THIS WINDOW ON THE 4TH FLOOR.
1,KITCHEN ON THE RIGHT, EXIT IN THE MIDDLE, DOOR TO BATHROOM ON LEFT
1,IF YOU LOOK VERY CLOSELY, THE SIGN OVER THE HOLE IN THE WALL SAYS EMERGENCY EXIT
1,A BROKEN WINDOW IN THE ABAONDONNED ELORA MILL - EXIT SIGN PEERS THROUGH THE DARKNESS
0,APPLY IN PERSON AT EXIT 126 ON I-95 IN SPOTSYLVANIA.  BRING YOUR OWN CUP, SIGN PROVIDED.
0,&AMP;QUOT;EVERY EXIT IS AN ENTRY TO SOMEWHERE ELSE.&AMP;QUOT;A ROAD SIGN IN THE MIDDLE NOWHERE CAUGHT MY ATTENTION :-)
8,A CAR PASSING NEAR AN EXIT IN SCTEX.  I'M NOT SURE ABOUT THE NAME OF THE MOUNTAIN AT THE BACK
1,THIS PARTICULAR EXIT SIGN IS ABOUT AS FAR AWAY FROM AN EXIT AS ANY POINT CAN BE IN THE ARCH+ART BUILDING
0,EXIT SIGN IN BLUE
0,FEMALE BUS DRIVER (RARE) PARKING BUS IN MIDDLE OF TRAFFIC TO EXIT AND CHANGE HER ROUTE SIGN (COMMON)
8,THE BRIDGE IS SO HIGH THAT THE EXIT RAMP SPIRALS IN WIDE ARCS SEVERAL TIMES BEFORE THE HIGHWAY HITS THE GROUND
1,GUNK ON THE LAKE CAUSED BY LOW WATER LEVELS, RESULTING FROM VANDALISM AT THE EXIT VALVE.TAKEN AT WOLLATON PARK.
0,EXIT SIGN ABOVE DOOR GOING INTO LEARNING LAB HAS UNFINISHED AREAS BEHIND IT. CRACK ABOVE DOOR FRAME.
0,THIS SIGN TELLS YOU WHICH CAR TO GET IN IN ORDER TO ARRIVE AT YOUR EXIT AT YOUR STATION.
1,JOSH AND I FOUND THIS APARTMENT LOBBY THAT WAS LIT BY A GREEN EXIT SIGN.  THE CHAIR WAS GREEN TOO.
1,EVEN GETTING BY THE SHARP GLASS AND THE FALLING DOOR THE EXIT IS SEALED TIGHT
2,FLOOD WATERS CHURNING JUST UNDER THE DUCK RIVER BRIDGE ON HIGHWAY 50 NEAR I-40 EXIT 148.
0,SKY UPON EXIT BLUE GREY
0,BACK IN TIME: HORSE & BUGGY EXIT POOLE FORGE COVERED BRIDGE
1,COLLEGUES SITTING IN THE YELLOW HOUSE &AMP;QUOT;BELLEVUE&AMP;QUOT; WICH WAS BUILT DIRECTLY OVER THE EXIT OF A HIGHWAY TUNNEL.A PROJECT OF LINZ09
1,THE SIGN ABOVE THE DOOR AS YOU EXIT HAS THIS SIGN, WELCOMING PEOPLE TO COME BACK.
0,REAR LEFT MOTION DETECTOR AND TOP OF REAR DOOR WITH EXIT SIGN ABOVE
0,A RARE GREEN EXIT SIGN IN THE ARTS BUILDING.
0,SIGN TO THE EMERGENCY EXIT OUT OF A CAR PARK IN AN OLD FACTORY BUILDING
8,GOLDEN CAT CURIOS ON THE SHELF OF THE GIFT SHOP AT THE EXIT OF KING TUT'S TOMB AT BUSCH GARDENS IN TAMPA, FL.
0,SEMI TRUCK NEAR HURRICANE EXIT DRIVING BLUE
8,CARS CAN PULL IN FROM THE ROAD TO THE FRONT OF THE BUILDING AND THEN EXIT OUT THROUGH THIS LITTLE TUNNEL.
0,I BELIEVE THIS IS WHERE YOU EXIT OUT OF WATER IN FRONT OF HOUSE
0,THE ONLY RED EXIT SIGN IN ALL OF AUSTRALIA.
0,NEW EXIT SIGN WITH EMERGENCY LIGHTS. ALSO ABOVE DOOR IN BACK GREEN ROOM.
2,ODDLY, IF YOU FOLLOW THIS EXIT SIGN CURRENTLY YOU WOULD HAVE TO DRIVE OVER A SIDEWALK TO GET TO THE ROAD.
0,LOVELY BRIGHT YELLOW CHRISTMAS TREE WORM SPOTTED AT THE BLUE HOLE EXIT IN DAHAB
1,GUIDE SIGN TO GREENLEAF STATE PARK ALONG I-40 NEAR WEBBERS FALLS.  NOTE THE GREEN EXIT TAB.
8,PILLARS OF AN OLD BRIDGE OVER THE RIVER THAMES ,SEEN FROM THE EXIT OF THE TRAIN STATION.
0,FRONT OF HOUSE, MOUNT OLYMPUS IN THE BACKGROUND, 5 MIN FROM MILLCREEK CANYON AND ONE EXIT AWAY FROM SNOWBIRD/ALTA
8,THE KELLY GREEN SWEATERS.  THE TABLE IS NEAR THE FRONT COUNTER ALONG THE WINDOW BETWEEN THE CHRISTMAS TREE AND THE EXIT DOOR.
0,UTILITY SINK IN BASEMENT  EXIT DOOR
0,TAKEN IN A DRIVE-HILL JUST BEFORE GOLDEN-GATE BRIDGE EXIT IN SANFRANCISO. BELIEVE ME IT WAS 65 DOWN THE HILL !!
0,EXIT SIGN SEEN THROUGH A ROUND WINDOW IN A STAIRWELL OF THE PEABODY ESSEX MUSEUM.
8,JUST PLAYING AROUND WITH THE CAMERA IN THE OFFICE -- THIS IS THE EXIT SIGN AND EMERGENCY LIGHT OVER THE FRONT DOOR.
0,A CURIOUS BLACK BEAR CUB, ENOUNTERED DURING THE HIKE TO EXIT GLACIER IN SUMMER OF 2010.
1,I AM LOOKING OUT THE WINDOW THATS WHY YOU SEE THE EXIT SIGN IN THE SKY.
1,ANOTHER ONE OF ME, ON THE FLOOR OF SEALY BALLROOM.  THE EXIT SIGN IS RIGHT ABOVE ME IS INTERESTING...
0,PONTE DI CALATRAVA IN RE - SPALLA [CALATRAVA BRIDGE AT A LOCAL HIGHWAY EXIT - SHOULDER]
8,NEON SIGN IN THE WINDOW OF THE EXIT SHOP NEAR THE LIGHT'S ALBION STREET ENTRANCE IN LEEDS CITY CENTRE.
0,THIS SCULPTURE CONSISTED OF A NOOSE AND CHAIR (NOT VISIBLE HERE) WITH AN EXIT SIGN HANGING ABOVE THEM.
0,EXIT SIGN IN A THEATER
0,SOMETHING FOREBODING ABOUT A FENCE WITH BARBWIRE AN A NO EXIT SIGN BESIDE YOUR APARTMENT.
1,TOOK THIS IN THE HALLWAY..'THE BACKGROUND' THROUGH THE EXIT DOOR WINDOW
0,COOL EXIT SIGN ABOVE THE DOORS IN RORO'S OFFICE
0,AN OLDER EXIT SIGN FOR A RENOVATING KFC CHICKEN RESTAURANT IN NEWPORT NEWS, VA, ON 12104 JEFFERSON AVE.
0,WAITING NEAR POWER PLANT HOT WATER EXIT
1,SHINOBAZU POND NEAR THE EXIT TO UENO. THE LAKE IS COMPLETELY COVERED WITH WATER LILLIES.
1,OREO WALKS TOWARD THE EXIT DOOR IN THE DOG PARK.
0,A NEW DAIN HAS POPPED UP ON A DOCK STREET EXIT DOOR IN DUMBO.
1,THE NORTH WALL (LEFT) AND THE ROOF ABOVE CENTENNIAL AND THE REAR FIRE EXIT SPACE
0,A HUMMING BIRD CAME IN THE BACK DOOR AND FLEW AROUND TRYING TO FIND AN EXIT
2,EXIT TO THE STREET FROM AN OLD BUILDING IN DEKALB, IL USA.
2,YOU HAD TO CROSS IN FRONT OF A STOPPED TRAIN TO EXIT THE STATION. :)
8,A HAPPY LITTLE GIRL BEFORE SLIPPING INTO HER SHOES AT THE EXIT OF THE ROCK GARDEN AT THE RYOANJI TEMPLE IN KYOTO
0,BROKEN EXIT SIGN ABOVE MY CAR
1,IMITATING THE "RUNNING MAN" EXIT SIGN ABOVE THE DOOR
1,THE EXIT SIGN ON FAR LEFT DENOTES DOOR TO STAIRWELL BELOW. LIGHTING SYSTEM IS IN THIS CORNER.
8,THE HOMESCHOOL SECTION, THE DOOR TO THE BATHROOMS AND UNDER THE EXIT SIGN IS THE BACK ROOM (FOR EMPLOYEES).
0,REFLECTING EXIT DOOR IN A WINDOW LOOKING OUT AT BUILDINGS REFLECTING BUILDINGS
1,STAINED GLASS WINDOW ABOVE THE EXIT
1,I LOVE THE SIGN ABOVE THE DOOR AND HOW THAT WAY IS OBVIOUSLY NOT AN EXIT BUT TO MORE BRICK.
8,THIS IS THE EXIT SIGN ABOVE THE DOOR THAT TAKES YOU FROM THE THEATER LOBBY INTO THE OUTSIDE COVERED LOBBY.
0,EXIT SIGN IN THE MEN'S LOUNGE
0,EMERGENCY EXIT DOOR HAS A GAP LARGE ENOUGH THAT RAIN POURS IN ACROSS HARDWOOD FLOOR WHEN RAINING.
1,THE GREEN EXIT SIGN IS EMPHASIZED BECAUSE IT IS SO MUCH BRIGHTER AND COLORFUL THAN EVERYTHING ELSE IN THE PICTURE.
0,AN EXIT SIGN IN THE ORLANDO SENTINEL'S BUILDING
1,EXIT SIGN IN THE GASOMETER BUILDING LEADING ON TOP OF THE ROOF.
1,ONE OF THE COMPUTER LABS. THAT EXIT SIGN BY THE WINDOW IS FOR THE FIRE ESCAPE.
1,EXIT SIGN REFLECTED ON THE PAVEMENT BY THE SUN INSIDE THE ATOMIUM SHOP IN BRUSSELS (BRUXELLES BRUSSEL) / BELGIUM.
1,CLOSET ON LEFT, EXIT IN THE MIDDLE, BATHROOM THE NEXT DOOR
1,THIS SHOT OF IAN BROWN WAS TAKEN FROM THE BASE OF A GIANT SCREEN AT THE EXIT FESTIVAL IN SERBIA
0,FINSBURY PARK OVER GROUND TRAIN STATION EXIT
0,EXIT SIGN ON A ROCK IN PERU
0,EMERGENCY EXIT SIGN IN A BUS @ FRANKFURT AIRPORT
1,THE WHITE RECTANGLE IN THE MIDDLE IS AN EXIT DOOR BEING BLOWN OPEN BY THE FLAMES
2,DUCK RIVER FROM THE HIGHWAY 50 BRIDGE NEAR I-40 EXIT 148 LOOKING WEST.
1,APARTMENT TOWER OVER AQUATIC PARK - OUTLINED AT NIGHT BY THE GREEN EMERGENCY EXIT SIGN'S - SAN FRANCISCO, CALIFORNIA
0,FROM THE BUS WINDOW.  BLURRY, BUT SHOWS SIGN MEANING EXIT IN GERMAN.
0,OLYMPIC STADIUM TOWER  OF MONTREAL IN BACK GROUND AND EXIT PANEL IN PARKING !30.5/50 SCORE ME
8,IN THE DISTANCE YOU CAN SEE HIGHWAY 80. THE ROUND HILL THE ROAD GOES AROUND IS THE EXIT FOR HIGHWAY 20.
1,NOTE THE GREEN EXIT SIGN IN THE LOWER LEFT.  LOCATION: VERSAILLES, FRANCE
1,FOUND THIS ON THE EXIT DOOR IN THE BATHROOM HALLWAY OF THE CHAPTER'S STARBUCKS ON ROBSON.
8,HERE'S THE STOVE AND SUCH AS YOU COME IN THE KITCHEN. YOU CAN SEE THE BALCONY EXIT ON THE RIGHT.
1,A SNOW PLOW VEHICLE PLOWS THE FLOODED WATER OFF THE HIGHWAY I-5 NEAR EXIT 79 CHAMBER WAY EXIT IN CHEHALIS.
0,ABOVE EXIT DOOR IN THEATER
0,I-94 IN EASTERN MONTANA, ROAD SIGN - EXIT FOR BAD ROUTE
0,AN OLD STREET SIGN ATTACHED TO ONE OF SEVERAL VINTAGE LAMP POSTS ON TUNNEL EXIT STREET IN MURRAY HILL.
0,AN ELEVATED EXIT DOOR FROM SECOND FLOOR OF THE MASONIC LODGE IN HUMBLE, TEXAS.
1,AG IN THE MIRROR - EXIT TO THE STREET AT HOLLAND PARK TUBE STATION
0,STARTLED BY A BLACK BEAR (WITH NO ZOOM ON) AT EXIT GLACIER, AK. SUMMER 2008
1,THAT WHITE CAR UNDER THE EXIT SIGN WAS RUNNING FROM THE COPS
0,LINGERIE IN SHOPPING LOUNGE WITH EXIT SIGN
0,EXIT SIGN, AND WALL IN UPPER BALCONY
1,THIS WATER TOWER IS AT THE DOBSON EXIT 93 ON INTERSTATE 77 IN SURRY COUNTY. IT IS FOR THE SHELTON VINEYARDS.
0,A CURIOUS BLACK BEAR CUB, ENOUNTERED DURING THE HIKE TO EXIT GLACIER IN SUMMER OF 2010.
0,MIRROR IN THE CHICKEN EXIT PASSAGE
1,IN MY BUILDING ABOVE THE DOOR I USUALLY USE TO EXIT
0,ELECTRICAL CONDUIT, GLOW IN THE DARK EXIT SIGN AND ROOM GROUND HALO
0,A VERY RUSTED EXIT ONLY SIGN RESTING ON A FENCE IN MANSFIELD.
8,THIS IS A VIEW OF THE EXIT FROM THE GROUND FLOOR TO THE OTHER FLOORS IN THE LIBRARY USING THE STAIRWELL.
0,A BRIGHTLY LIT CAR PARK ILLUMINATING A HIGHWAY EXIT IN DORTMUND.
8,ABORIGINAL MOTIF USED IN THE ROOF OF THE EXIT FROM DARWIN AIRPORT TERMINAL TO THE PUBLIC CAR PARK.
0,FUNKY BLUE GLOW HIGHLIGHTED BY NEON PINK EXIT LETTERING.  VERY NICE.
1,THE OUTSIDE EXIT AND 2 CLOSETS AND FULL BATH IN THE FIRST FLOOR BEDROOM
0,A COLORFUL AND SOMEWHAT OLD-LOOKING EXIT SIGN IN A PARKING LOT IN ZANESVILLE, OHIO.
1,2.6.11SHOT THIS AFTER WORK, YOU CAN SEE THE STOP LIGHT NEAR THE RIVER ROAD EXIT IN THE DISTANCE.
0,ABOVE EXIT DOOR IN THEATER
8,ALL OF THE EXIT SIGNS IN JAPAN SHOW THE GUY RUNNING FOR HIS LIFE OUT THE DOOR
1,PUZZLING SIGN BESIDE EXIT DOOR OF THE COMFORTABLE CHAPTER HOUSE.
1,WE WERE TOLD THAT THE RED TRIANGLES ON THE WINDOW REPRESENTED BEING NEAR AN EMERGENCY EXIT (NOT GAY PRIDE).
0,FIRE EXIT IN BLACK AND WHITE
1,HOT SHOE GIRL SEZ CAN WE SIT BY THE EXIT
2,FLOOD WATERS CHURNING JUST UNDER THE DUCK RIVER BRIDGE ON HIGHWAY 50 NEAR I-40 EXIT 148.
1,PIPEWORK IN TRENCH FOR THE EXIT WATER FROM THE FILTER BED TO A ROADSIDE GULLEY
8,TAKEN FROM THE CAR ALONG THE EXIT ROAD OF THE MORTON ARBORETUM IN LISLE, IL.
0,TALL SHIP MANOEVERING NARROW EXIT OUT TO SEA GUIDED BY PILOT BOAT
0,ABOVE EXIT DOOR IN THEATER
1,SO THE SAME LIGHTS FROM A LITTLE CLOSER AND WITH THE ROAD SIGN FOR THE ROCKY PEAK ROAD EXIT IN VIEW.
8,PILLARS OF AN OLD BRIDGE OVER THE RIVER THAMES, SEEN FROM THE EXIT OF THE BLACKFIERS TRAIN STATION.
0,OTHER FUNNY SIGNS: MANASSAS, AND AN EXIT FOR GALLOWS ROAD THAT HAD A BLUE HOSPITAL SIGN UNDERNEATH IT.
7,VIEW OF WHAT WILL BE KITCHEN AND FRONT EXIT DOOR (COVERED BY INSULATION BOARD FROM OUTSIDE)
0,A SIGN ON BEACH EXIT IN ROCKAWAY BEACH, NY, 3/7
8,EXIT OF KITCHEN IS ON THE TOP RIGHT OF PICTURE. LIVING ROOM IS DIRECTLY IN FRONT. FRONT DOOR IS THROUGH THE &AMP;QUOT;WINDOW&AMP;QUOT; ON THE LEFT.
1,THE HIGHWAY EXIT BY THE HOUSE
0,ENTER THIS FLASHY BUILDING IN WASHINGTON DC AND EXIT WITH A PHILADELPHIA WATER ICE (2011)
1,THIS STREET VENDOR WAS SET ON THE SIDEWALK NEAR THE EXIT FROM THE WAT PHO COMPLEX.
1,GO THROUGH THE WALL TO GET OUT THIS EXIT DOOR AT THE MR. Q RESTAURANT IN XIAMEN.
0,DETAIL OF A BUILDING IN NY. I FOUND IT AWKWARD TO SEE THE EXIT SIGN ON A WINDOW
1,I SPOTTED THIS NICE RED FLOWER ON ONE OF THE RUINS NEAR THE EXIT
2,SINGLE LANE BRIDGE OVER THE RIVER KAWARU, NEAR ITS EXIT FROM LAKE WAKATIPU
1,THE SIGN ON THE DOOR BEHIND US READS &AMP;QUOT;FIRE EXIT ONLY&AMP;QUOT;, AND UNDER IT:  &AMP;QUOT;THIS DOOR IS ALARMED.&AMP;QUOT;WE'RE SO CLEVER.
8,YOU CAN SEE WHERE THE WIRES EXIT THE BOTTOM OF THE COLUMN SO THEY CAN BE ROUTED AROUND THE WALL TO THE SUBWOOFER.
0,MIST BY EXIT SIGN 2ND FLOOR IN RIPLEY'S BUILDING
0,BARK BEETLE EXIT HOLES IN RED PINE
0,MY REFLECTION IN THE DIRTY EXIT MIRROR OF A PARKING GARAGE.
0,EXIT SIGN IN ONE OF SOUTHEND'S INVITING MULTI-STOREY CAR PARKS.
1,BULLET EXIT OUT OF THE ROOF ABOVE THE WINDOW
0,A LONE EXIT SIGN IS THE SOLE PROOF OF LIFE IN THIS OLD RIVER BUILDING
0,A TRUCK TOWING A BOAT CAUGHT FIRE ON NORTHBOUND I-5 NEAR THE ALGER EXIT BETWEEN BURLINGTON AND BELLINGHAM.
0,EXIT SIGN AND SPEAKER OVER BACK FIRE EXIT DOOR
0,IMPRESSIVE FACILITIES CARVED IN A MOUNTAIN WITH EXIT TO BLACK SEA) IN SEVASTOPOL, CRIMEA, UKRAINE
1,STREET SIGN IN HEBREW, ARABIC, AND ENGLISH FOR THE ROAD AT THE BACK EXIT TO THE WESTERN WALL
8,THE SUN PEEKS AROUND THE ONLY CLOUD IN THIS PART OF THE SKY AS I EXIT 35E AT 22.
0,EXIT SIGN ABOVE SOMEBODY'S DOOR
2,I WAS SUPPOSED TO GO EXIT THE BYPASS AND GO DOWN TO THAT ROAD BY THE RIVER TO GO HOME
8,CURBSIDE BOOK RETURN BOX IN ITS NEW LOCATION IN THE CURB CUT ON THE LEFT SIDE OF THE EXIT DRIVEWAY.
0,EXIT SIGN IN BLUE
1,EXIT SIGN ABOVE TOP FLOOR STAIRWELL DOOR ON THE BLOSSOM STREET PARKING GARAGE.
8,FAILTE DON GAIDHEALTACHD!(WELCOME TO THE HIGHLANDS)SORRY ABOUT THE BLACK THING - I WAS ACROSS FROM THE EMERGENCY EXIT WINDOW IN THE BUS
2,FLOOD WATERS CHURNING JUST UNDER THE DUCK RIVER BRIDGE ON HIGHWAY 50 NEAR I-40 EXIT 148.
0,BARING IN MIND THIS IS NOT A GROUND FLOOR WINDOW, HOW THIS EXIT WORKS IS A BIT WORRYING.
0,EXIT DOOR AT REAR GARDEN OF DAVID'S HOUSE IN BANDUNG
0,LOCATED IN THE DOWNSTAIRS YELLOW HALLWAY, THIS EXIT SIGN LOOKS LIKE IT'S BEEN BADLY BEATEN.
8,THE SUN SETS BEHIND THE CLOUDS OVER FORT WORTH AS I TAKE THE EXIT FROM THE HIGHWAY TO MY HOUSE
0,AN EXIT SIGN IN THE SAE HOUSE AT DARTMOUTH, PRETTY MUCH UNEDITED.
0,ENTER AND EXIT SIGNS AT A TACO BELL (AND ALSO AN ARBY'S BIG HAT SIGN IN THE DISTANCE).
1,SUNRISE OVER GREENLAND THROUGH THE EXIT DOOR WINDOW
1,EXIT SIGN ON DOOR TO THE STAIRS IN BLOCK OF COUNCIL FLATS. RUN STICKMAN RUN!
0,EXIT SIGN REFLECTION IN BUILDING FIVE OF SRHS.
0,WHIRLPOOL FRIDGE AND FIRE EXIT DOOR IN THE KITCHEN AREA, BUILT-IN KITCHEN CABINET, RENOVATED HOMOGENOUS FLOOR TILES.
1,A SNOW PLOW VEHICLE PLOWS THE FLOODED WATER OFF THE HIGHWAY I-5 NEAR EXIT 79 CHAMBER WAY EXIT IN CHEHALIS.
1,THIS SIGN IS OVER THE DOOR AS YOU EXIT THE HIKE INN.
1,AN EXIT SIGN TOSSED IN THE WATER ALONG THE NATURE TRAIL.
0,EXIT GLACIER AT SEWARD; NOTICE SMALL PERSON STANDING IN FRONT OF GLACIER.
3,OLD TEXACO SIGN ON BUILDING AT VIENNA PITTS EXIT ON I 75 SOUTH IN MIDDLE GEORGIA. JUNE 8TH
2,DUCK RIVER LOOKING EAST ON THE HIGHWAY 50 BRIDGE NEAR I-40 EXIT 148.
0,ILLUMINATED EXIT SIGN IN THE TOWER
0,ABOVE EXIT DOOR IN THEATER
0,FREGENAL DE LA SIERRAAN EXIT UNDER A HOUSE FOR THE STREET WATER.
0,SUNSET SKY REFLECTS IN THE RIVER FROM EXIT GLACIER.
0,3RD BEDROOM LOOKING AT DOORS TO WALK IN CLOSET AND EXIT DOOR ON RIGHT
8,THE NOT-ALTOGETHER-PROMINENT SIGN THAT SITS ON A WHITE BOARD NEAR THE EXIT FROM THE DRESSING ROOMS TO THE PITCH.
2,FLOOD WATERS CHURNING JUST UNDER THE DUCK RIVER BRIDGE ON HIGHWAY 50 NEAR I-40 EXIT 148.
